id,Name,Name Past,Level,MainGoal,DetailGoal,Delimiter,ExList,MainImage,SubImage,TargetDevice,,,,,,,,,,,,,,,,
1,넓은 등을 위한 첫걸음,넓은 등 만들기 초급,Easy,근력강화,등,등,"[901,907,908,52,67,88,17,52,67,88,17]",https://nherivcnanphkalgybji.supabase.co/storage/v1/object/public/hellmonhd/goal/wholebody_main.png?t=2023-09-08T04%3A23%3A46.371Z,https://nherivcnanphkalgybji.supabase.co/storage/v1/object/public/hellmonhd/goal/wholebody_sub.png,상체,,,,,,,,,,,,,,,,
2,등 근육 강화 루틴,넓은 등 만들기 중급,Normal,근력강화,등,등,"[901,907,908,52,53,58,67,88,52,53,58,67,88]",https://nherivcnanphkalgybji.supabase.co/storage/v1/object/public/hellmonhd/goal/wholebody_main.png?t=2023-09-08T04%3A23%3A46.371Z,https://nherivcnanphkalgybji.supabase.co/storage/v1/object/public/hellmonhd/goal/wholebody_sub.png,상체,,,,,,,,,,,,,,,,
3,넓고 강한 등 만들기,넓은 등 만들기 상급,Hard,근력강화,등,등,"[901,907,908,52,53,58,67,88,52,53,58,67,88,52,53,58,67,88]",https://nherivcnanphkalgybji.supabase.co/storage/v1/object/public/hellmonhd/goal/wholebody_main.png?t=2023-09-08T04%3A23%3A46.371Z,https://nherivcnanphkalgybji.supabase.co/storage/v1/object/public/hellmonhd/goal/wholebody_sub.png,상체,,,,,,,,,,,,,,,,
4,푸쉬업의 기본 이해,푸쉬업 기본 동작 이해,Easy,근력강화,가슴,가슴,"[904,907,908,2,18,13,2,18,13,2,18,13]",https://nherivcnanphkalgybji.supabase.co/storage/v1/object/public/hellmonhd/goal/wholebody_main.png?t=2023-09-08T04%3A23%3A46.371Z,https://nherivcnanphkalgybji.supabase.co/storage/v1/object/public/hellmonhd/goal/wholebody_sub.png,상체,,,,,,,,,,,,,,,,
5,푸쉬업 집중 루틴,중급 푸쉬업 코스,Normal,근력강화,가슴,가슴,"[904,907,908,16,4,13,16,4,13,16,4,13,1]",https://nherivcnanphkalgybji.supabase.co/storage/v1/object/public/hellmonhd/goal/wholebody_main.png?t=2023-09-08T04%3A23%3A46.371Z,https://nherivcnanphkalgybji.supabase.co/storage/v1/object/public/hellmonhd/goal/wholebody_sub.png,상체,,,,,,,,,,,,,,,,
6,완벽한 푸쉬업 도전,상급 푸쉬업 코스,Hard,근력강화,가슴,가슴,"[904,907,908,1,4,5,15,1,4,15,1,4,15]",https://nherivcnanphkalgybji.supabase.co/storage/v1/object/public/hellmonhd/goal/wholebody_main.png?t=2023-09-08T04%3A23%3A46.371Z,https://nherivcnanphkalgybji.supabase.co/storage/v1/object/public/hellmonhd/goal/wholebody_sub.png,상체,,,,,,,,,,,,,,,,
7,푸쉬업 입문 루틴,푸쉬업 기초,Easy,근력강화,가슴,가슴,"[904,907,908,2,17,18,2,8,17,18,2]",https://nherivcnanphkalgybji.supabase.co/storage/v1/object/public/hellmonhd/goal/wholebody_main.png?t=2023-09-08T04%3A23%3A46.371Z,https://nherivcnanphkalgybji.supabase.co/storage/v1/object/public/hellmonhd/goal/wholebody_sub.png,상체,,,,,,,,,,,,,,,,
8,푸쉬업의 기술,푸쉬업 중급,Normal,근력강화,가슴,가슴,"[904,907,908,1,2,16,12,1,2,16,12,1]",https://nherivcnanphkalgybji.supabase.co/storage/v1/object/public/hellmonhd/goal/wholebody_main.png?t=2023-09-08T04%3A23%3A46.371Z,https://nherivcnanphkalgybji.supabase.co/storage/v1/object/public/hellmonhd/goal/wholebody_sub.png,상체,,,,,,,,,,,,,,,,
9,푸쉬업 마스터 플랜,푸쉬업 상급,Hard,근력강화,가슴,가슴,"[904,907,908,1,3,5,6,1,3,5,6]",https://nherivcnanphkalgybji.supabase.co/storage/v1/object/public/hellmonhd/goal/wholebody_main.png?t=2023-09-08T04%3A23%3A46.371Z,https://nherivcnanphkalgybji.supabase.co/storage/v1/object/public/hellmonhd/goal/wholebody_sub.png,상체,,,,,,,,,,,,,,,,
10,복근 프로젝트 시작,복근 만들기 초급,Easy,근력강화,선명한 복근,복근,"[901,902,904,47,48,56,72,74,47,48,56,72,74]",https://nherivcnanphkalgybji.supabase.co/storage/v1/object/public/hellmonhd/goal/wholebody_main.png?t=2023-09-08T04%3A23%3A46.371Z,https://nherivcnanphkalgybji.supabase.co/storage/v1/object/public/hellmonhd/goal/wholebody_sub.png,전신,,,,,,,,,,,,,,,,
11,탄탄한 복근 루틴,복근 만들기 중급,Normal,근력강화,선명한 복근,복근,"[901,902,904,14,42,46,49,14,42,46,49,302]",https://nherivcnanphkalgybji.supabase.co/storage/v1/object/public/hellmonhd/goal/wholebody_main.png?t=2023-09-08T04%3A23%3A46.371Z,https://nherivcnanphkalgybji.supabase.co/storage/v1/object/public/hellmonhd/goal/wholebody_sub.png,전신,,,,,,,,,,,,,,,,
12,강력한 복근 완성,복근 만들기 상급,Hard,근력강화,선명한 복근,복근,"[901,902,904,54,49,59,45,54,49,59,45,304,305,306,307,302]",https://nherivcnanphkalgybji.supabase.co/storage/v1/object/public/hellmonhd/goal/wholebody_main.png?t=2023-09-08T04%3A23%3A46.371Z,https://nherivcnanphkalgybji.supabase.co/storage/v1/object/public/hellmonhd/goal/wholebody_sub.png,전신,,,,,,,,,,,,,,,,
13,코어 안정성 강화 루틴,코어 강화 루틴 초급,Easy,근력강화,코어 강화,복근,"[901,902,904,47,48,56,72,73,74,77,81,306,307,302]",https://nherivcnanphkalgybji.supabase.co/storage/v1/object/public/hellmonhd/goal/wholebody_main.png?t=2023-09-08T04%3A23%3A46.371Z,https://nherivcnanphkalgybji.supabase.co/storage/v1/object/public/hellmonhd/goal/wholebody_sub.png,전신,,,,,,,,,,,,,,,,
14,코어 집중 프로그램,코어 강화 루틴 중급,Normal,근력강화,코어 강화,복근,"[901,902,904,47,48,56,72,73,74,77,81,92,93,304,305,306,307,302]",https://nherivcnanphkalgybji.supabase.co/storage/v1/object/public/hellmonhd/goal/wholebody_main.png?t=2023-09-08T04%3A23%3A46.371Z,https://nherivcnanphkalgybji.supabase.co/storage/v1/object/public/hellmonhd/goal/wholebody_sub.png,전신,,,,,,,,,,,,,,,,
15,코어 파워 업그레이드,코어 강화 루틴 상급,Hard,근력강화,코어 강화,복근,"[901,902,904,44,54,59,92,93,44,54,59,92,93,304,305,306,307,302]",https://nherivcnanphkalgybji.supabase.co/storage/v1/object/public/hellmonhd/goal/wholebody_main.png?t=2023-09-08T04%3A23%3A46.371Z,https://nherivcnanphkalgybji.supabase.co/storage/v1/object/public/hellmonhd/goal/wholebody_sub.png,전신,,,,,,,,,,,,,,,,
16,상체 기초 트레이닝,초급 상체 루틴,Easy,근력강화,탄탄한 상체,상체,"[901,907,908,2,58,66,2,58,66]",https://nherivcnanphkalgybji.supabase.co/storage/v1/object/public/hellmonhd/goal/wholebody_main.png?t=2023-09-08T04%3A23%3A46.371Z,https://nherivcnanphkalgybji.supabase.co/storage/v1/object/public/hellmonhd/goal/wholebody_sub.png,전신,,,,,,,,,,,,,,,,
17,상체 집중 워크아웃,중급 상체 루틴,Normal,근력강화,탄탄한 상체,상체,"[901,907,908,43,14,1,61,43,14,1,61]",https://nherivcnanphkalgybji.supabase.co/storage/v1/object/public/hellmonhd/goal/wholebody_main.png?t=2023-09-08T04%3A23%3A46.371Z,https://nherivcnanphkalgybji.supabase.co/storage/v1/object/public/hellmonhd/goal/wholebody_sub.png,전신,,,,,,,,,,,,,,,,
18,상체 근력 챌린지,상급 상체 루틴,Hard,근력강화,탄탄한 상체,상체,"[901,907,908,6,68,45,6,68,45,1,6,68,45,1]",https://nherivcnanphkalgybji.supabase.co/storage/v1/object/public/hellmonhd/goal/wholebody_main.png?t=2023-09-08T04%3A23%3A46.371Z,https://nherivcnanphkalgybji.supabase.co/storage/v1/object/public/hellmonhd/goal/wholebody_sub.png,전신,,,,,,,,,,,,,,,,
19,두꺼운 프레임 형성 루틴,두꺼운 프레임 만들기 초급,Easy,근력강화,탄탄한 상체,상체,"[904,907,908,2,52,16,58,2,52,16,58,2,52,16,58]",https://nherivcnanphkalgybji.supabase.co/storage/v1/object/public/hellmonhd/goal/wholebody_main.png?t=2023-09-08T04%3A23%3A46.371Z,https://nherivcnanphkalgybji.supabase.co/storage/v1/object/public/hellmonhd/goal/wholebody_sub.png,상체,,,,,,,,,,,,,,,,
20,강한 프레임 만들기,두꺼운 프레임 만들기 중급,Normal,근력강화,탄탄한 상체,상체,"[904,907,908,904,1,52,4,58,1,52,4,58,1,52,4,58]",https://nherivcnanphkalgybji.supabase.co/storage/v1/object/public/hellmonhd/goal/wholebody_main.png?t=2023-09-08T04%3A23%3A46.371Z,https://nherivcnanphkalgybji.supabase.co/storage/v1/object/public/hellmonhd/goal/wholebody_sub.png,상체,,,,,,,,,,,,,,,,
21,압도적인 상체 프레임,두꺼운 프레임 만들기 상급,Hard,근력강화,탄탄한 상체,상체,"[904,907,908,904,1,67,4,53,5,58,1,67,4,53,5,58]",https://nherivcnanphkalgybji.supabase.co/storage/v1/object/public/hellmonhd/goal/wholebody_main.png?t=2023-09-08T04%3A23%3A46.371Z,https://nherivcnanphkalgybji.supabase.co/storage/v1/object/public/hellmonhd/goal/wholebody_sub.png,상체,,,,,,,,,,,,,,,,
22,상체 기초 근력 루틴,상체 프레임 만들기 초급,Easy,근력강화,탄탄한 상체,상체,"[904,907,908,904,2,16,52,58,2,16,52,58,2,16,52,58]",https://nherivcnanphkalgybji.supabase.co/storage/v1/object/public/hellmonhd/goal/wholebody_main.png?t=2023-09-08T04%3A23%3A46.371Z,https://nherivcnanphkalgybji.supabase.co/storage/v1/object/public/hellmonhd/goal/wholebody_sub.png,상체,,,,,,,,,,,,,,,,
23,상체 파워 집중 루틴,상체 프레임 만들기 중급,Normal,근력강화,탄탄한 상체,상체,"[904,907,908,904,1,4,52,58,1,4,52,58,1,4,52,58]",https://nherivcnanphkalgybji.supabase.co/storage/v1/object/public/hellmonhd/goal/wholebody_main.png?t=2023-09-08T04%3A23%3A46.371Z,https://nherivcnanphkalgybji.supabase.co/storage/v1/object/public/hellmonhd/goal/wholebody_sub.png,상체,,,,,,,,,,,,,,,,
24,상체 파이널 루틴,상체 프레임 만들기 상급,Hard,근력강화,탄탄한 상체,상체,"[904,907,908,904,1,4,5,67,53,58,1,4,5,67,53,58]",https://nherivcnanphkalgybji.supabase.co/storage/v1/object/public/hellmonhd/goal/wholebody_main.png?t=2023-09-08T04%3A23%3A46.371Z,https://nherivcnanphkalgybji.supabase.co/storage/v1/object/public/hellmonhd/goal/wholebody_sub.png,상체,,,,,,,,,,,,,,,,
25,상체 강화를 위한 여정,상체 강화 루틴 초급,Easy,근력강화,탄탄한 상체,상체,"[901,904,903,907,908,2,13,17,47,72,81,80,2,13,17,47,72,81,80]",https://nherivcnanphkalgybji.supabase.co/storage/v1/object/public/hellmonhd/goal/wholebody_main.png?t=2023-09-08T04%3A23%3A46.371Z,https://nherivcnanphkalgybji.supabase.co/storage/v1/object/public/hellmonhd/goal/wholebody_sub.png,전신,,,,,,,,,,,,,,,,
26,상체 근력 증진 프로그램,상체 강화 루틴 중급,Normal,근력강화,탄탄한 상체,상체,"[901,904,903,907,908,1,16,52,49,46,58,61,1,16,52,49,46,58,61]",https://nherivcnanphkalgybji.supabase.co/storage/v1/object/public/hellmonhd/goal/wholebody_main.png?t=2023-09-08T04%3A23%3A46.371Z,https://nherivcnanphkalgybji.supabase.co/storage/v1/object/public/hellmonhd/goal/wholebody_sub.png,전신,,,,,,,,,,,,,,,,
27,상체 퍼포먼스 강화 루틴,상체 강화 루틴 상급,Hard,근력강화,탄탄한 상체,상체,"[901,904,903,907,908,16,5,11,45,58,61,52,49,16,5,11,45,58,61,52,49]",https://nherivcnanphkalgybji.supabase.co/storage/v1/object/public/hellmonhd/goal/wholebody_main.png?t=2023-09-08T04%3A23%3A46.371Z,https://nherivcnanphkalgybji.supabase.co/storage/v1/object/public/hellmonhd/goal/wholebody_sub.png,전신,,,,,,,,,,,,,,,,
28,하체 기초 운동 루틴,초급 하체 루틴,Easy,근력강화,탄탄한 하체,하체,"[909,910,911,915,916,25,76,82,65,25,76 ,82,65,25,76 ,82,65]",https://nherivcnanphkalgybji.supabase.co/storage/v1/object/public/hellmonhd/goal/wholebody_main.png?t=2023-09-08T04%3A23%3A46.371Z,https://nherivcnanphkalgybji.supabase.co/storage/v1/object/public/hellmonhd/goal/wholebody_sub.png,전신,,,,,,,,,,,,,,,,
29,하체 강도 높이기 루틴,중급 하체 루틴,Normal,근력강화,탄탄한 하체,하체,"[909,910,911,915,916,20,25,28,60,43,20,25,28,60,43,20,25,28,60,43]",https://nherivcnanphkalgybji.supabase.co/storage/v1/object/public/hellmonhd/goal/wholebody_main.png?t=2023-09-08T04%3A23%3A46.371Z,https://nherivcnanphkalgybji.supabase.co/storage/v1/object/public/hellmonhd/goal/wholebody_sub.png,하체,,,,,,,,,,,,,,,,
30,하체 퍼포먼스 완성,상급 하체 루틴,Hard,근력강화,탄탄한 하체,하체,"[909,910,911,915,916,25,26,36,98,99,303,25,26,36,98,99,303,25,26,36,98,99,303]",https://nherivcnanphkalgybji.supabase.co/storage/v1/object/public/hellmonhd/goal/wholebody_main.png?t=2023-09-08T04%3A23%3A46.371Z,https://nherivcnanphkalgybji.supabase.co/storage/v1/object/public/hellmonhd/goal/wholebody_sub.png,하체,,,,,,,,,,,,,,,,
31,다양한 스쿼트 루틴,스쿼트 모음 초급 ,Easy,근력강화,탄탄한 하체,하체,"[905,909,910,911,25,29,27,31,25,29,27,31,28]",https://nherivcnanphkalgybji.supabase.co/storage/v1/object/public/hellmonhd/goal/wholebody_main.png?t=2023-09-08T04%3A23%3A46.371Z,https://nherivcnanphkalgybji.supabase.co/storage/v1/object/public/hellmonhd/goal/wholebody_sub.png,하체,,,,,,,,,,,,,,,,
32,스쿼트 집중 프로그램,스쿼트 모음 중급,Normal,근력강화,탄탄한 하체,하체,"[905,909,910,911,25,27,28,32,102,103,25,27,28,32,102,103,303]",https://nherivcnanphkalgybji.supabase.co/storage/v1/object/public/hellmonhd/goal/wholebody_main.png?t=2023-09-08T04%3A23%3A46.371Z,https://nherivcnanphkalgybji.supabase.co/storage/v1/object/public/hellmonhd/goal/wholebody_sub.png,하체,,,,,,,,,,,,,,,,
33,스쿼트 마스터 플랜,스쿼트 모음 상급,Hard,근력강화,탄탄한 하체,하체,"[905,909,910,911,303,25,26,28,25,26,28,25,26,28,30,303]",https://nherivcnanphkalgybji.supabase.co/storage/v1/object/public/hellmonhd/goal/wholebody_main.png?t=2023-09-08T04%3A23%3A46.371Z,https://nherivcnanphkalgybji.supabase.co/storage/v1/object/public/hellmonhd/goal/wholebody_sub.png,하체,,,,,,,,,,,,,,,,
34,스쿼트와 런지 시작하기,스쿼트/런지 입문하기,Easy,근력강화,탄탄한 하체,하체,"[905,909,910,911,933,934,20,25,26,20,25,26,20,25,26]",https://nherivcnanphkalgybji.supabase.co/storage/v1/object/public/hellmonhd/goal/wholebody_main.png?t=2023-09-08T04%3A23%3A46.371Z,https://nherivcnanphkalgybji.supabase.co/storage/v1/object/public/hellmonhd/goal/wholebody_sub.png,하체,,,,,,,,,,,,,,,,
35,스쿼트와 런지 업그레이드,중급 스쿼트/런지 세트,Normal,근력강화,탄탄한 하체,하체,"[905,909,910,911,933,934,20,25,21,28,20,25,21,28,303]",https://nherivcnanphkalgybji.supabase.co/storage/v1/object/public/hellmonhd/goal/wholebody_main.png?t=2023-09-08T04%3A23%3A46.371Z,https://nherivcnanphkalgybji.supabase.co/storage/v1/object/public/hellmonhd/goal/wholebody_sub.png,하체,,,,,,,,,,,,,,,,
36,스쿼트와 런지 정복,고급 스쿼트/런지 세트,Hard,근력강화,탄탄한 하체,하체,"[905,909,910,911,933,934,20,25,100,101,102,103,100,101,102,103]",https://nherivcnanphkalgybji.supabase.co/storage/v1/object/public/hellmonhd/goal/wholebody_main.png?t=2023-09-08T04%3A23%3A46.371Z,https://nherivcnanphkalgybji.supabase.co/storage/v1/object/public/hellmonhd/goal/wholebody_sub.png,하체,,,,,,,,,,,,,,,,
37,하체 근력 첫 단계,하체 강화 첫걸음,Easy,근력강화,탄탄한 하체,하체,"[905,909,910,911,933,934,20,25,26,29,20,25,26,29]",https://nherivcnanphkalgybji.supabase.co/storage/v1/object/public/hellmonhd/goal/wholebody_main.png?t=2023-09-08T04%3A23%3A46.371Z,https://nherivcnanphkalgybji.supabase.co/storage/v1/object/public/hellmonhd/goal/wholebody_sub.png,하체,,,,,,,,,,,,,,,,
38,하체 근력 레벨 업,중급 하체 강화,Normal,근력강화,탄탄한 하체,하체,"[905,909,910,911,933,934,25,26,27,20,28,25,26,27,20,28,303]",https://nherivcnanphkalgybji.supabase.co/storage/v1/object/public/hellmonhd/goal/wholebody_main.png?t=2023-09-08T04%3A23%3A46.371Z,https://nherivcnanphkalgybji.supabase.co/storage/v1/object/public/hellmonhd/goal/wholebody_sub.png,하체,,,,,,,,,,,,,,,,
39,하체 근력 최종 목표,상급 하체 강화,Hard,근력강화,탄탄한 하체,하체,"[905,909,910,911,933,934,23,28,96,97,100,101,23,28,96,97,100,101,303,303]",https://nherivcnanphkalgybji.supabase.co/storage/v1/object/public/hellmonhd/goal/wholebody_main.png?t=2023-09-08T04%3A23%3A46.371Z,https://nherivcnanphkalgybji.supabase.co/storage/v1/object/public/hellmonhd/goal/wholebody_sub.png,하체,,,,,,,,,,,,,,,,
40,허벅지 강화 루틴,허벅지 근력 키우기 초급,Easy,근력향상,탄탄한 하체,하체 ,"[905,909,910,933,934,935,936,20,82,98,99,20,82,98,99,20,82,98,99]",https://nherivcnanphkalgybji.supabase.co/storage/v1/object/public/hellmonhd/goal/wholebody_main.png?t=2023-09-08T04%3A23%3A46.371Z,https://nherivcnanphkalgybji.supabase.co/storage/v1/object/public/hellmonhd/goal/wholebody_sub.png,하체,,,,,,,,,,,,,,,,
41,허벅지 집중 프로그램,허벅지 근력 키우기 중급,Normal,근력향상,탄탄한 하체,하체 ,"[905,909,910,933,934,935,936,20,21,36,20,21,36,20,21,36]",https://nherivcnanphkalgybji.supabase.co/storage/v1/object/public/hellmonhd/goal/wholebody_main.png?t=2023-09-08T04%3A23%3A46.371Z,https://nherivcnanphkalgybji.supabase.co/storage/v1/object/public/hellmonhd/goal/wholebody_sub.png,하체,,,,,,,,,,,,,,,,
42,허벅지 강력화 프로젝트,허벅지 근력 키우기 상급,Hard,근력향상,탄탄한 하체,하체 ,"[905,909,910,933,934,935,936,21,23,25,100,101,21,23,25,100,101,21,23,25,100,101]",https://nherivcnanphkalgybji.supabase.co/storage/v1/object/public/hellmonhd/goal/wholebody_main.png?t=2023-09-08T04%3A23%3A46.371Z,https://nherivcnanphkalgybji.supabase.co/storage/v1/object/public/hellmonhd/goal/wholebody_sub.png,하체,,,,,,,,,,,,,,,,
43,애플힙 기초 루틴,애플힙 만들기 초급,Easy,근력강화,힙업 및 애플힙,엉덩이,"[905,909,910,911,25,28,35,98,99,25,28,35,98,99]",https://nherivcnanphkalgybji.supabase.co/storage/v1/object/public/hellmonhd/goal/wholebody_main.png?t=2023-09-08T04%3A23%3A46.371Z,https://nherivcnanphkalgybji.supabase.co/storage/v1/object/public/hellmonhd/goal/wholebody_sub.png,하체,,,,,,,,,,,,,,,,
44,애플힙 업그레이드,애플힙 만들기 중급,Normal,근력강화,힙업 및 애플힙,엉덩이,"[905,909,910,911,25,26,20,98,99,25,26,20,98,99,25,26,20,98,99]",https://nherivcnanphkalgybji.supabase.co/storage/v1/object/public/hellmonhd/goal/wholebody_main.png?t=2023-09-08T04%3A23%3A46.371Z,https://nherivcnanphkalgybji.supabase.co/storage/v1/object/public/hellmonhd/goal/wholebody_sub.png,하체,,,,,,,,,,,,,,,,
45,완벽한 애플힙 도전,애플힙 만들기 상급,Hard,근력강화,힙업 및 애플힙,엉덩이,"[905,909,910,911,25,39,26,98,99,303,25,39,26,98,99,303,25,39,26,98,99,303]",https://nherivcnanphkalgybji.supabase.co/storage/v1/object/public/hellmonhd/goal/wholebody_main.png?t=2023-09-08T04%3A23%3A46.371Z,https://nherivcnanphkalgybji.supabase.co/storage/v1/object/public/hellmonhd/goal/wholebody_sub.png,하체,,,,,,,,,,,,,,,,
46,멋진 하체 조형 루틴,멋진 하체 만들기 초급,Easy,근력강화,힙업 및 애플힙,엉덩이,"[905,909,910,911,25,20,82,25,20,82,25,20,82]",https://nherivcnanphkalgybji.supabase.co/storage/v1/object/public/hellmonhd/goal/wholebody_main.png?t=2023-09-08T04%3A23%3A46.371Z,https://nherivcnanphkalgybji.supabase.co/storage/v1/object/public/hellmonhd/goal/wholebody_sub.png,하체,,,,,,,,,,,,,,,,
47,하체 근육 집중 훈련,멋진 하체 만들기 중급,Normal,근력강화,힙업 및 애플힙,엉덩이,"[905,909,910,911,20,23,28,50,20,23,28,50]",https://nherivcnanphkalgybji.supabase.co/storage/v1/object/public/hellmonhd/goal/wholebody_main.png?t=2023-09-08T04%3A23%3A46.371Z,https://nherivcnanphkalgybji.supabase.co/storage/v1/object/public/hellmonhd/goal/wholebody_sub.png,하체,,,,,,,,,,,,,,,,
48,하체 완성 프로그램,멋진 하체 만들기 상급,Hard,근력강화,힙업 및 애플힙,엉덩이,"[905,909,910,911,303,28,26,102,103,28,26,102,103,28,26,102,103,303]",https://nherivcnanphkalgybji.supabase.co/storage/v1/object/public/hellmonhd/goal/wholebody_main.png?t=2023-09-08T04%3A23%3A46.371Z,https://nherivcnanphkalgybji.supabase.co/storage/v1/object/public/hellmonhd/goal/wholebody_sub.png,하체,,,,,,,,,,,,,,,,
49,힙업 시작하기,힙업 프로젝트 초급,Easy,근력강화,힙업 및 애플힙,엉덩이,"[905,931,932,909,910,25,98,99,29,25,98,99,29,25,98,99,29,303]",https://nherivcnanphkalgybji.supabase.co/storage/v1/object/public/hellmonhd/goal/wholebody_main.png?t=2023-09-08T04%3A23%3A46.371Z,https://nherivcnanphkalgybji.supabase.co/storage/v1/object/public/hellmonhd/goal/wholebody_sub.png,하체,,,,,,,,,,,,,,,,
50,힙업 집중 훈련,힙업 프로젝트 중급,Normal,근력강화,힙업 및 애플힙,엉덩이,"[905,931,932,909,910,25,40,35,28,98,99,25,40,35,28,98,9925,40,35,28,98,99,303]",https://nherivcnanphkalgybji.supabase.co/storage/v1/object/public/hellmonhd/goal/wholebody_main.png?t=2023-09-08T04%3A23%3A46.371Z,https://nherivcnanphkalgybji.supabase.co/storage/v1/object/public/hellmonhd/goal/wholebody_sub.png,하체,,,,,,,,,,,,,,,,
51,힙업 최종 목표,힙업 프로젝트 상급,Hard,근력강화,힙업 및 애플힙,엉덩이,"[905,931,932,909,910,20,25,100,101,102,103,21,303,20,25,100,101,102,103,21,303]",https://nherivcnanphkalgybji.supabase.co/storage/v1/object/public/hellmonhd/goal/wholebody_main.png?t=2023-09-08T04%3A23%3A46.371Z,https://nherivcnanphkalgybji.supabase.co/storage/v1/object/public/hellmonhd/goal/wholebody_sub.png,하체,,,,,,,,,,,,,,,,
52,스쿼트와 푸쉬업 병행,스쿼트/푸쉬업 입문하기,Easy,근력강화,균형 잡힌 라인,전신,"[935,936,909,910,903,907,908,2,25,28,17,27,2,25,28,17,27]",https://nherivcnanphkalgybji.supabase.co/storage/v1/object/public/hellmonhd/goal/wholebody_main.png?t=2023-09-08T04%3A23%3A46.371Z,https://nherivcnanphkalgybji.supabase.co/storage/v1/object/public/hellmonhd/goal/wholebody_sub.png,전신,,,,,,,,,,,,,,,,
53,스쿼트와 푸쉬업 프로그램,중급 스쿼트/푸쉬업 세트,Normal,근력강화,균형 잡힌 라인,전신,"[935,936,909,910,903,907,908,1,25,16,26,4,26,1,25,16,26,4,26]",https://nherivcnanphkalgybji.supabase.co/storage/v1/object/public/hellmonhd/goal/wholebody_main.png?t=2023-09-08T04%3A23%3A46.371Z,https://nherivcnanphkalgybji.supabase.co/storage/v1/object/public/hellmonhd/goal/wholebody_sub.png,전신,,,,,,,,,,,,,,,,
54,스쿼트와 푸쉬업 챌린지,고급 스쿼트/푸쉬업 세트,Hard,근력강화,균형 잡힌 라인,전신,"[935,936,909,910,903,907,908,1,25,3,28,6,27,1,25,3,28,6,27,4,303]",https://nherivcnanphkalgybji.supabase.co/storage/v1/object/public/hellmonhd/goal/wholebody_main.png?t=2023-09-08T04%3A23%3A46.371Z,https://nherivcnanphkalgybji.supabase.co/storage/v1/object/public/hellmonhd/goal/wholebody_sub.png,전신,,,,,,,,,,,,,,,,
55,전신 기초 근력 루틴,전신 근력 향상 초급,Easy,근력강화,균형 잡힌 라인,전신,"[909,910,931,932,903,907,908,1,49,44,14,25,1,49,44,14,25]",https://nherivcnanphkalgybji.supabase.co/storage/v1/object/public/hellmonhd/goal/wholebody_main.png?t=2023-09-08T04%3A23%3A46.371Z,https://nherivcnanphkalgybji.supabase.co/storage/v1/object/public/hellmonhd/goal/wholebody_sub.png,전신,,,,,,,,,,,,,,,,
56,전신 근력 집중 훈련,전신 근력 향상 중급,Normal,근력강화,균형 잡힌 라인,전신,"[909,910,931,932,903,907,908,25,42,14,52,1,25,42,14,52,1,25,42,14,52,1]",https://nherivcnanphkalgybji.supabase.co/storage/v1/object/public/hellmonhd/goal/wholebody_main.png?t=2023-09-08T04%3A23%3A46.371Z,https://nherivcnanphkalgybji.supabase.co/storage/v1/object/public/hellmonhd/goal/wholebody_sub.png,전신,,,,,,,,,,,,,,,,
57,전신 근력 마스터 플랜,전신 근력 향상 상급,Hard,근력강화,균형 잡힌 라인,전신,"[909,910,931,932,903,907,908,5,6,59,25,100,101,5,6,59,25,100,101]",https://nherivcnanphkalgybji.supabase.co/storage/v1/object/public/hellmonhd/goal/wholebody_main.png?t=2023-09-08T04%3A23%3A46.371Z,https://nherivcnanphkalgybji.supabase.co/storage/v1/object/public/hellmonhd/goal/wholebody_sub.png,전신,,,,,,,,,,,,,,,,
58,상체 근력과 체력 증진,상체근력 및 체력강화 초급,Easy,체력향상,균형 잡힌 라인,상체 근력 및 유산소,"[901,909,910,65,42,65,42,65,42]",https://nherivcnanphkalgybji.supabase.co/storage/v1/object/public/hellmonhd/goal/wholebody_main.png?t=2023-09-08T04%3A23%3A46.371Z,https://nherivcnanphkalgybji.supabase.co/storage/v1/object/public/hellmonhd/goal/wholebody_sub.png,하체,,,,,,,,,,,,,,,,
59,상체 퍼포먼스 루틴,상체근력 및 체력강화 중급,Normal,체력향상,균형 잡힌 라인,상체 근력 및 유산소,"[901,909,910,42,68,302,45]",https://nherivcnanphkalgybji.supabase.co/storage/v1/object/public/hellmonhd/goal/wholebody_main.png?t=2023-09-08T04%3A23%3A46.371Z,https://nherivcnanphkalgybji.supabase.co/storage/v1/object/public/hellmonhd/goal/wholebody_sub.png,전신,,,,,,,,,,,,,,,,
60,상체 최적화 루틴,상체근력 및 체력강화 상급,Hard,체력향상,균형 잡힌 라인,상체 근력 및 유산소,"[901,909,910,45,42,302,45,42,302,45,42,302]",https://nherivcnanphkalgybji.supabase.co/storage/v1/object/public/hellmonhd/goal/wholebody_main.png?t=2023-09-08T04%3A23%3A46.371Z,https://nherivcnanphkalgybji.supabase.co/storage/v1/object/public/hellmonhd/goal/wholebody_sub.png,전신,,,,,,,,,,,,,,,,
61,가슴 근력 강화 루틴,가슴 및 체력 키우기 초급,Easy,체력향상,균형 잡힌 라인,상체 근력 및 유산소,"[903,904,905,909,910,27,42,65,71,18,17,27,42,65,71]",https://nherivcnanphkalgybji.supabase.co/storage/v1/object/public/hellmonhd/goal/wholebody_main.png?t=2023-09-08T04%3A23%3A46.371Z,https://nherivcnanphkalgybji.supabase.co/storage/v1/object/public/hellmonhd/goal/wholebody_sub.png,전신,,,,,,,,,,,,,,,,
62,가슴 집중 트레이닝,가슴 및 체력 키우기 중급,Normal,체력향상,균형 잡힌 라인,상체 근력 및 유산소,"[903,904,905,909,910,45,64,71,48,1,4,12,16,45,64,71,48]",https://nherivcnanphkalgybji.supabase.co/storage/v1/object/public/hellmonhd/goal/wholebody_main.png?t=2023-09-08T04%3A23%3A46.371Z,https://nherivcnanphkalgybji.supabase.co/storage/v1/object/public/hellmonhd/goal/wholebody_sub.png,전신,,,,,,,,,,,,,,,,
63,가슴 퍼포먼스 프로젝트,가슴 및 체력 키우기 상급,Hard,체력향상,균형 잡힌 라인,상체 근력 및 유산소,"[903,904,905,909,910,64,45,42,68,1,4,16,15,64,45,42,68]",https://nherivcnanphkalgybji.supabase.co/storage/v1/object/public/hellmonhd/goal/wholebody_main.png?t=2023-09-08T04%3A23%3A46.371Z,https://nherivcnanphkalgybji.supabase.co/storage/v1/object/public/hellmonhd/goal/wholebody_sub.png,전신,,,,,,,,,,,,,,,,
64,힙업과 군살 제거 루틴,힙업과 군살 제거 초급,Easy,체력향상,균형 잡힌 라인,하체 근력 및 유산소,"[905,931,932,909,910,25,45,98,99,42,65,29,25,45,98,99,42,65,29,25,45,98,99,42,65,29]",https://nherivcnanphkalgybji.supabase.co/storage/v1/object/public/hellmonhd/goal/wholebody_main.png?t=2023-09-08T04%3A23%3A46.371Z,https://nherivcnanphkalgybji.supabase.co/storage/v1/object/public/hellmonhd/goal/wholebody_sub.png,하체,,,,,,,,,,,,,,,,
65,힙업과 체형 개선 훈련,힙업과 군살 제거 중급,Normal,체력향상,균형 잡힌 라인,하체 근력 및 유산소,"[905,931,932,909,910,25,39,40,85,35,42,28,64,25,39,40,85,35,42,28,64,25,39,40,85,35,42,28,64]",https://nherivcnanphkalgybji.supabase.co/storage/v1/object/public/hellmonhd/goal/wholebody_main.png?t=2023-09-08T04%3A23%3A46.371Z,https://nherivcnanphkalgybji.supabase.co/storage/v1/object/public/hellmonhd/goal/wholebody_sub.png,하체,,,,,,,,,,,,,,,,
66,힙업 최종 목표 도전,힙업과 군살 제거 상급,Hard,체력향상,균형 잡힌 라인,하체 근력 및 유산소,"[905,931,932,909,910,20,71,25,24,100,101,45,102,103,40,20,71,25,24,100,101,45,102,103,40,20,71,25,24,100,101,45,102,103,40]",https://nherivcnanphkalgybji.supabase.co/storage/v1/object/public/hellmonhd/goal/wholebody_main.png?t=2023-09-08T04%3A23%3A46.371Z,https://nherivcnanphkalgybji.supabase.co/storage/v1/object/public/hellmonhd/goal/wholebody_sub.png,전신,,,,,,,,,,,,,,,,
67,하체와 체력 증진 루틴,하체 근력 및 체력 향상 초급,Easy,체력향상,균형 잡힌 라인,하체 근력 및 유산소,"[905,909,910,933,934,935,936,20,82,98,99,20,82,98,99,42,45,64,47,42,45,64,47]",https://nherivcnanphkalgybji.supabase.co/storage/v1/object/public/hellmonhd/goal/wholebody_main.png?t=2023-09-08T04%3A23%3A46.371Z,https://nherivcnanphkalgybji.supabase.co/storage/v1/object/public/hellmonhd/goal/wholebody_sub.png,하체,,,,,,,,,,,,,,,,
68,하체 퍼포먼스 프로그램,하체 근력 및 체력 향상 중급,Normal,체력향상,균형 잡힌 라인,하체 근력 및 유산소,"[905,909,910,933,934,935,936,20,21,36,20,21,36,42,45,64,47,42,45,64,47]",https://nherivcnanphkalgybji.supabase.co/storage/v1/object/public/hellmonhd/goal/wholebody_main.png?t=2023-09-08T04%3A23%3A46.371Z,https://nherivcnanphkalgybji.supabase.co/storage/v1/object/public/hellmonhd/goal/wholebody_sub.png,하체,,,,,,,,,,,,,,,,
69,하체 체력 강화 프로젝트,하체 근력 및 체력 향상 상급,Hard,체력향상,균형 잡힌 라인,하체 근력 및 유산소,"[905,909,910,933,934,935,936,21,23,25,100,101,21,23,25,100,101,42,45,64,47,42,45,64,47]",https://nherivcnanphkalgybji.supabase.co/storage/v1/object/public/hellmonhd/goal/wholebody_main.png?t=2023-09-08T04%3A23%3A46.371Z,https://nherivcnanphkalgybji.supabase.co/storage/v1/object/public/hellmonhd/goal/wholebody_sub.png,하체,,,,,,,,,,,,,,,,
70,전신 컨디셔닝 루틴,전신 체력향상 초급,Easy,체력향상,균형 잡힌 라인,전신,"[903,904,905,939,940,14,13,27,47,65,71,14,13,27,47,65,71,14,13,27,47,65,71]",https://nherivcnanphkalgybji.supabase.co/storage/v1/object/public/hellmonhd/goal/wholebody_main.png?t=2023-09-08T04%3A23%3A46.371Z,https://nherivcnanphkalgybji.supabase.co/storage/v1/object/public/hellmonhd/goal/wholebody_sub.png,전신,,,,,,,,,,,,,,,,
71,전신 강화 트레이닝,전신 체력향상 중급,Normal,체력향상,균형 잡힌 라인,전신,"[903,904,905,939,940,14,27,47,65,71,42,68,14,27,47,65,71,42,68,14,27,47,65,71,42,68]",https://nherivcnanphkalgybji.supabase.co/storage/v1/object/public/hellmonhd/goal/wholebody_main.png?t=2023-09-08T04%3A23%3A46.371Z,https://nherivcnanphkalgybji.supabase.co/storage/v1/object/public/hellmonhd/goal/wholebody_sub.png,전신,,,,,,,,,,,,,,,,
72,전신 퍼포먼스 업그레이드,전신 체력향상 상급,Hard,체력향상,균형 잡힌 라인,전신,"[903,904,905,939,940,14,27,42,68,24,45,38,14,27,42,68,24,45,38,14,27,42,68,24,45,38]",https://nherivcnanphkalgybji.supabase.co/storage/v1/object/public/hellmonhd/goal/wholebody_main.png?t=2023-09-08T04%3A23%3A46.371Z,https://nherivcnanphkalgybji.supabase.co/storage/v1/object/public/hellmonhd/goal/wholebody_sub.png,전신,,,,,,,,,,,,,,,,
73,심폐지구력 루틴,심폐지구력 향상 초급,Easy,다이어트,심페지구력 향상,유산소,"[903,904,905,939,940,64,27,60,30,45,42,64,27,60,30,45,42]",https://nherivcnanphkalgybji.supabase.co/storage/v1/object/public/hellmonhd/goal/wholebody_main.png?t=2023-09-08T04%3A23%3A46.371Z,https://nherivcnanphkalgybji.supabase.co/storage/v1/object/public/hellmonhd/goal/wholebody_sub.png,하체,,,,,,,,,,,,,,,,
74,심폐지구력 집중 훈련,심폐지구력 향상 중급,Normal,다이어트,심페지구력 향상,유산소,"[903,904,905,939,940,64,27,60,30,45,42,94,95,44,64,27,60,30,45,42,94,95,44]",https://nherivcnanphkalgybji.supabase.co/storage/v1/object/public/hellmonhd/goal/wholebody_main.png?t=2023-09-08T04%3A23%3A46.371Z,https://nherivcnanphkalgybji.supabase.co/storage/v1/object/public/hellmonhd/goal/wholebody_sub.png,하체,,,,,,,,,,,,,,,,
75,심폐 퍼포먼스 향상,심폐지구력 향상 상급,Hard,다이어트,심페지구력 향상,유산소,"[903,904,905,939,940,64,27,60,30,45,42,94,95,44,64,27,60,30,45,42,94,95,44,64,27,60,30,45,42,94,95,44]",https://nherivcnanphkalgybji.supabase.co/storage/v1/object/public/hellmonhd/goal/wholebody_main.png?t=2023-09-08T04%3A23%3A46.371Z,https://nherivcnanphkalgybji.supabase.co/storage/v1/object/public/hellmonhd/goal/wholebody_sub.png,하체,,,,,,,,,,,,,,,,
76,체력 증진 루틴,나의 체력 키우기 초급,Easy,다이어트,심페지구력 향상,유산소,"[915,916,902,903,904,905,42,45,30,60,27,64,42,45,30,60,27,64]",https://nherivcnanphkalgybji.supabase.co/storage/v1/object/public/hellmonhd/goal/wholebody_main.png?t=2023-09-08T04%3A23%3A46.371Z,https://nherivcnanphkalgybji.supabase.co/storage/v1/object/public/hellmonhd/goal/wholebody_sub.png,하체,,,,,,,,,,,,,,,,
77,체력 강화 프로젝트,나의 체력 키우기 중급,Normal,다이어트,심페지구력 향상,유산소,"[915,916,902,903,904,905,44,94,95,42,45,30,60,27,64,44,94,95,42,45,30,60,27,64]",https://nherivcnanphkalgybji.supabase.co/storage/v1/object/public/hellmonhd/goal/wholebody_main.png?t=2023-09-08T04%3A23%3A46.371Z,https://nherivcnanphkalgybji.supabase.co/storage/v1/object/public/hellmonhd/goal/wholebody_sub.png,하체,,,,,,,,,,,,,,,,
78,개인 맞춤 체력 프로그램,나의 체력 키우기 상급,Hard,다이어트,심페지구력 향상,유산소,"[915,916,902,903,904,905,44,94,95,42,45,30,60,27,64,44,94,95,42,45,30,60,27,64,44,94,95,42,45,30,60,27,64]",https://nherivcnanphkalgybji.supabase.co/storage/v1/object/public/hellmonhd/goal/wholebody_main.png?t=2023-09-08T04%3A23%3A46.371Z,https://nherivcnanphkalgybji.supabase.co/storage/v1/object/public/hellmonhd/goal/wholebody_sub.png,하체,,,,,,,,,,,,,,,,
79,건강한 몸매 루틴,건강한 몸매 만들기 초급,Easy,다이어트,군살 제거,전신,"[901,905,904,302,38,28,302,38,28,302,38,28]",https://nherivcnanphkalgybji.supabase.co/storage/v1/object/public/hellmonhd/goal/wholebody_main.png?t=2023-09-08T04%3A23%3A46.371Z,https://nherivcnanphkalgybji.supabase.co/storage/v1/object/public/hellmonhd/goal/wholebody_sub.png,전신,,,,,,,,,,,,,,,,
80,체형 개선 집중 훈련,건강한 몸매 만들기 중급,Normal,다이어트,군살 제거,전신,"[901,905,904,302,304,305,43,42,27,302,304,305,43,42,27]",https://nherivcnanphkalgybji.supabase.co/storage/v1/object/public/hellmonhd/goal/wholebody_main.png?t=2023-09-08T04%3A23%3A46.371Z,https://nherivcnanphkalgybji.supabase.co/storage/v1/object/public/hellmonhd/goal/wholebody_sub.png,전신,,,,,,,,,,,,,,,,
81,아름다운 몸매 완성,건강한 몸매 만들기 상급,Hard,다이어트,군살 제거,전신,"[901,905,904,302,304,305,45,42,38,27,302,304,305,45,42,38,27,302,304,305,45,42,38,27]",https://nherivcnanphkalgybji.supabase.co/storage/v1/object/public/hellmonhd/goal/wholebody_main.png?t=2023-09-08T04%3A23%3A46.371Z,https://nherivcnanphkalgybji.supabase.co/storage/v1/object/public/hellmonhd/goal/wholebody_sub.png,전신,,,,,,,,,,,,,,,,
82,다이어트 루틴 시작,다이어트를 쉽고 재밌게! 초급,Easy,다이어트,군살 제거,전신,"[901,905,904,38,40,43,85,71,75,38,40,43,85,71,75,38,40,43,85,71,75]",https://nherivcnanphkalgybji.supabase.co/storage/v1/object/public/hellmonhd/goal/wholebody_main.png?t=2023-09-08T04%3A23%3A46.371Z,https://nherivcnanphkalgybji.supabase.co/storage/v1/object/public/hellmonhd/goal/wholebody_sub.png,전신,,,,,,,,,,,,,,,,
83,다이어트 루틴 업그레이드,다이어트를 쉽고 재밌게! 중급,Normal,다이어트,군살 제거,전신,"[901,905,904,27,38,42,45,30,27,38,42,45,30,27,38,42,45,30]",https://nherivcnanphkalgybji.supabase.co/storage/v1/object/public/hellmonhd/goal/wholebody_main.png?t=2023-09-08T04%3A23%3A46.371Z,https://nherivcnanphkalgybji.supabase.co/storage/v1/object/public/hellmonhd/goal/wholebody_sub.png,하체,,,,,,,,,,,,,,,,
84,다이어트 성공 플랜,다이어트를 쉽고 재밌게! 상급,Hard,다이어트,군살 제거,전신,"[901,905,904,27,38,42,45,30,87,96,97,27,38,42,45,30,87,96,97,27,38,42,45,30,87,96,97]",https://nherivcnanphkalgybji.supabase.co/storage/v1/object/public/hellmonhd/goal/wholebody_main.png?t=2023-09-08T04%3A23%3A46.371Z,https://nherivcnanphkalgybji.supabase.co/storage/v1/object/public/hellmonhd/goal/wholebody_sub.png,하체,,,,,,,,,,,,,,,,
85,코어 근력 만들기,강력한 코어 만들기 초급,Easy,체력향상,코어 강화,복근,"[901,929,930,904,302,59,49,46,304,305,302]",https://nherivcnanphkalgybji.supabase.co/storage/v1/object/public/hellmonhd/goal/wholebody_main.png?t=2023-09-08T04%3A23%3A46.371Z,https://nherivcnanphkalgybji.supabase.co/storage/v1/object/public/hellmonhd/goal/wholebody_sub.png,전신,,,,,,,,,,,,,,,,
86,코어 집중 강도 훈련,강력한 코어 만들기 중급,Normal,체력향상,코어 강화,복근,"[901,929,930,904,302,304,305,306,307,68,42,302]",https://nherivcnanphkalgybji.supabase.co/storage/v1/object/public/hellmonhd/goal/wholebody_main.png?t=2023-09-08T04%3A23%3A46.371Z,https://nherivcnanphkalgybji.supabase.co/storage/v1/object/public/hellmonhd/goal/wholebody_sub.png,전신,,,,,,,,,,,,,,,,
87,코어 퍼포먼스 마스터,강력한 코어 만들기 상급,Hard,체력향상,코어 강화,복근,"[901,929,930,904,302,304,305,306,307,62,49,302]",https://nherivcnanphkalgybji.supabase.co/storage/v1/object/public/hellmonhd/goal/wholebody_main.png?t=2023-09-08T04%3A23%3A46.371Z,https://nherivcnanphkalgybji.supabase.co/storage/v1/object/public/hellmonhd/goal/wholebody_sub.png,전신,,,,,,,,,,,,,,,,
88,복근 조형 프로젝트,멋있는 복근 만들기 초급,Easy,체력향상,선명한 복근,복근,"[901,929,930,904,47,48,74,42,49,46,302]",https://nherivcnanphkalgybji.supabase.co/storage/v1/object/public/hellmonhd/goal/wholebody_main.png?t=2023-09-08T04%3A23%3A46.371Z,https://nherivcnanphkalgybji.supabase.co/storage/v1/object/public/hellmonhd/goal/wholebody_sub.png,전신,,,,,,,,,,,,,,,,
89,복근 집중 훈련,멋있는 복근 만들기 중급,Normal,체력향상,선명한 복근,복근,"[901,929,930,904,14,49,46,47,44,14,49,46,47,44,302]",https://nherivcnanphkalgybji.supabase.co/storage/v1/object/public/hellmonhd/goal/wholebody_main.png?t=2023-09-08T04%3A23%3A46.371Z,https://nherivcnanphkalgybji.supabase.co/storage/v1/object/public/hellmonhd/goal/wholebody_sub.png,전신,,,,,,,,,,,,,,,,
90,복근 완성 챌린지,멋있는 복근 만들기 상급,Hard,체력향상,선명한 복근,복근,"[901,929,930,904,302,306,307,49,62,42,302,306,307,49,62,42,302,306,307,49,62,42]",https://nherivcnanphkalgybji.supabase.co/storage/v1/object/public/hellmonhd/goal/wholebody_main.png?t=2023-09-08T04%3A23%3A46.371Z,https://nherivcnanphkalgybji.supabase.co/storage/v1/object/public/hellmonhd/goal/wholebody_sub.png,전신,,,,,,,,,,,,,,,,
91,균형 있는 몸 시작하기,균형 있는 몸 만들기 초급,Easy,체력향상,심페지구력 향상,유산소,"[915,916,902,903,904,905,2,48,25,64,20,74,2,48,25,64,20,74,2,48,25,64,20,74]",https://nherivcnanphkalgybji.supabase.co/storage/v1/object/public/hellmonhd/goal/wholebody_main.png?t=2023-09-08T04%3A23%3A46.371Z,https://nherivcnanphkalgybji.supabase.co/storage/v1/object/public/hellmonhd/goal/wholebody_sub.png,전신,,,,,,,,,,,,,,,,
92,균형 잡힌 몸매 훈련,균형 있는 몸 만들기 중급,Normal,체력향상,심페지구력 향상,유산소,"[915,916,902,903,904,905,1,27,49,40,61,302,58,85,1,27,49,40,61,302,58,85]",https://nherivcnanphkalgybji.supabase.co/storage/v1/object/public/hellmonhd/goal/wholebody_main.png?t=2023-09-08T04%3A23%3A46.371Z,https://nherivcnanphkalgybji.supabase.co/storage/v1/object/public/hellmonhd/goal/wholebody_sub.png,전신,,,,,,,,,,,,,,,,
93,몸 균형 최종 목표,균형 있는 몸 만들기 상급,Hard,체력향상,심페지구력 향상,유산소,"[915,916,902,903,904,905,3,45,67,30,61,42,3,45,67,30,61,42,3,45,67,30,61,42,303]",https://nherivcnanphkalgybji.supabase.co/storage/v1/object/public/hellmonhd/goal/wholebody_main.png?t=2023-09-08T04%3A23%3A46.371Z,https://nherivcnanphkalgybji.supabase.co/storage/v1/object/public/hellmonhd/goal/wholebody_sub.png,전신,,,,,,,,,,,,,,,,
94,등 근육 기초 루틴,등 근육 만들기 초급,Easy,근력강화,등,등,"[901,907,908,17,88,67,52,17,88,67,52,17,88,67,52]",https://nherivcnanphkalgybji.supabase.co/storage/v1/object/public/hellmonhd/goal/wholebody_main.png?t=2023-09-08T04%3A23%3A46.371Z,https://nherivcnanphkalgybji.supabase.co/storage/v1/object/public/hellmonhd/goal/wholebody_sub.png,상체,,,,,,,,,,,,,,,,
95,등 근육 강화 훈련,등 근육 만들기 중급,Normal,근력강화,등,등,"[901,907,908,88,67,58,52,53,88,67,58,52,53]",https://nherivcnanphkalgybji.supabase.co/storage/v1/object/public/hellmonhd/goal/wholebody_main.png?t=2023-09-08T04%3A23%3A46.371Z,https://nherivcnanphkalgybji.supabase.co/storage/v1/object/public/hellmonhd/goal/wholebody_sub.png,상체,,,,,,,,,,,,,,,,
96,등 근육 퍼포먼스 루틴,등 근육 만들기 상급,Hard,근력강화,등,등,"[901,907,908,88,67,58,52,53,88,67,58,52,53,88,67,58,52,53]",https://nherivcnanphkalgybji.supabase.co/storage/v1/object/public/hellmonhd/goal/wholebody_main.png?t=2023-09-08T04%3A23%3A46.371Z,https://nherivcnanphkalgybji.supabase.co/storage/v1/object/public/hellmonhd/goal/wholebody_sub.png,상체,,,,,,,,,,,,,,,,
97,근력과 유산소 병행 루틴,근력과 유산소를 동시에! 초급,Easy,다이어트,심페지구력 향상,전신 ,"[915,916,902,903,904,905,2,58,49,25,20,64,42,2,58,49,25,20,64,42]",https://nherivcnanphkalgybji.supabase.co/storage/v1/object/public/hellmonhd/goal/wholebody_main.png?t=2023-09-08T04%3A23%3A46.371Z,https://nherivcnanphkalgybji.supabase.co/storage/v1/object/public/hellmonhd/goal/wholebody_sub.png,전신,,,,,,,,,,,,,,,,
98,근력과 유산소 집중 훈련,근력과 유산소를 동시에! 중급,Normal,다이어트,심페지구력 향상,전신,"[915,916,902,903,904,905,1,52,49,28,98,99,1,52,49,28,98,99]",https://nherivcnanphkalgybji.supabase.co/storage/v1/object/public/hellmonhd/goal/wholebody_main.png?t=2023-09-08T04%3A23%3A46.371Z,https://nherivcnanphkalgybji.supabase.co/storage/v1/object/public/hellmonhd/goal/wholebody_sub.png,전신,,,,,,,,,,,,,,,,
99,근력과 유산소 최적화 프로그램,근력과 유산소를 동시에! 상급,Hard,다이어트,심페지구력 향상,전신,"[915,916,902,903,904,905,1,27,28,52,67,62,66,3,45,42,59,302]",https://nherivcnanphkalgybji.supabase.co/storage/v1/object/public/hellmonhd/goal/wholebody_main.png?t=2023-09-08T04%3A23%3A46.371Z,https://nherivcnanphkalgybji.supabase.co/storage/v1/object/public/hellmonhd/goal/wholebody_sub.png,전신,,,,,,,,,,,,,,,,
,,,,,,,,,,,,,,,,,,,,,,,,,,
,,,,,,,,,,,,,,,,,,,,,,,,,,
,,,,,,,,,,,,,,,,,,,,,,,,,,
,,,,,,,,,,,,,,,,,,,,,,,,,,
,,,,,,,,,,,,,,,,,,,,,,,,,,
,,,,,,,,,,,,,,,,,,,,,,,,,,
,,,,,,,,,,,,,,,,,,,,,,,,,,
,,,,,,,,,,,,,,,,,,,,,,,,,,
,,,,,,,,,,,,,,,,,,,,,,,,,,
,,,,,,,,,,,,,,,,,,,,,,,,,,
,,,,,,,,,,,,,,,,,,,,,,,,,,
,,,,,,,,,,,,,,,,,,,,,,,,,,
,,,,,,,,,,,,,,,,,,,,,,,,,,
,,,,,,,,,,,,,,,,,,,,,,,,,,
,,,,,,,,,,,,,,,,,,,,,,,,,,
,,,,,,,,,,,,,,,,,,,,,,,,,,
,,,,,,,,,,,,,,,,,,,,,,,,,,
,,,,,,,,,,,,,,,,,,,,,,,,,,
,,,,,,,,,,,,,,,,,,,,,,,,,,
,,,,,,,,,,,,,,,,,,,,,,,,,,
,,,,,,,,,,,,,,,,,,,,,,,,,,
,,,,,,,,,,,,,,,,,,,,,,,,,,
,,,,,,,,,,,,,,,,,,,,,,,,,,
,,,,,,,,,,,,,,,,,,,,,,,,,,
,,,,,,,,,,,,,,,,,,,,,,,,,,
,,,,,,,,,,,,,,,,,,,,,,,,,,
,,,,,,,,,,,,,,,,,,,,,,,,,,
,,,,,,,,,,,,,,,,,,,,,,,,,,
,,,,,,,,,,,,,,,,,,,,,,,,,,
,,,,,,,,,,,,,,,,,,,,,,,,,,
,,,,,,,,,,,,,,,,,,,,,,,,,,
,,,,,,,,,,,,,,,,,,,,,,,,,,
,,,,,,,,,,,,,,,,,,,,,,,,,,
,,,,,,,,,,,,,,,,,,,,,,,,,,
,,,,,,,,,,,,,,,,,,,,,,,,,,
,,,,,,,,,,,,,,,,,,,,,,,,,,
,,,,,,,,,,,,,,,,,,,,,,,,,,
,,,,,,,,,,,,,,,,,,,,,,,,,,
,,,,,,,,,,,,,,,,,,,,,,,,,,
,,,,,,,,,,,,,,,,,,,,,,,,,,
,,,,,,,,,,,,,,,,,,,,,,,,,,
,,,,,,,,,,,,,,,,,,,,,,,,,,
,,,,,,,,,,,,,,,,,,,,,,,,,,
,,,,,,,,,,,,,,,,,,,,,,,,,,
,,,,,,,,,,,,,,,,,,,,,,,,,,
,,,,,,,,,,,,,,,,,,,,,,,,,,
,,,,,,,,,,,,,,,,,,,,,,,,,,
,,,,,,,,,,,,,,,,,,,,,,,,,,
,,,,,,,,,,,,,,,,,,,,,,,,,,
,,,,,,,,,,,,,,,,,,,,,,,,,,
,,,,,,,,,,,,,,,,,,,,,,,,,,
,,,,,,,,,,,,,,,,,,,,,,,,,,
,,,,,,,,,,,,,,,,,,,,,,,,,,
,,,,,,,,,,,,,,,,,,,,,,,,,,
,,,,,,,,,,,,,,,,,,,,,,,,,,
,,,,,,,,,,,,,,,,,,,,,,,,,,
,,,,,,,,,,,,,,,,,,,,,,,,,,
,,,,,,,,,,,,,,,,,,,,,,,,,,
,,,,,,,,,,,,,,,,,,,,,,,,,,
,,,,,,,,,,,,,,,,,,,,,,,,,,
,,,,,,,,,,,,,,,,,,,,,,,,,,
,,,,,,,,,,,,,,,,,,,,,,,,,,
,,,,,,,,,,,,,,,,,,,,,,,,,,
,,,,,,,,,,,,,,,,,,,,,,,,,,
,,,,,,,,,,,,,,,,,,,,,,,,,,
,,,,,,,,,,,,,,,,,,,,,,,,,,
,,,,,,,,,,,,,,,,,,,,,,,,,,
,,,,,,,,,,,,,,,,,,,,,,,,,,
,,,,,,,,,,,,,,,,,,,,,,,,,,
,,,,,,,,,,,,,,,,,,,,,,,,,,
,,,,,,,,,,,,,,,,,,,,,,,,,,
,,,,,,,,,,,,,,,,,,,,,,,,,,
,,,,,,,,,,,,,,,,,,,,,,,,,,
,,,,,,,,,,,,,,,,,,,,,,,,,,
,,,,,,,,,,,,,,,,,,,,,,,,,,
,,,,,,,,,,,,,,,,,,,,,,,,,,
,,,,,,,,,,,,,,,,,,,,,,,,,,
,,,,,,,,,,,,,,,,,,,,,,,,,,
,,,,,,,,,,,,,,,,,,,,,,,,,,
,,,,,,,,,,,,,,,,,,,,,,,,,,
,,,,,,,,,,,,,,,,,,,,,,,,,,
,,,,,,,,,,,,,,,,,,,,,,,,,,
,,,,,,,,,,,,,,,,,,,,,,,,,,
,,,,,,,,,,,,,,,,,,,,,,,,,,
,,,,,,,,,,,,,,,,,,,,,,,,,,
,,,,,,,,,,,,,,,,,,,,,,,,,,
,,,,,,,,,,,,,,,,,,,,,,,,,,
,,,,,,,,,,,,,,,,,,,,,,,,,,
,,,,,,,,,,,,,,,,,,,,,,,,,,
,,,,,,,,,,,,,,,,,,,,,,,,,,
,,,,,,,,,,,,,,,,,,,,,,,,,,
,,,,,,,,,,,,,,,,,,,,,,,,,,
,,,,,,,,,,,,,,,,,,,,,,,,,,
,,,,,,,,,,,,,,,,,,,,,,,,,,
,,,,,,,,,,,,,,,,,,,,,,,,,,
,,,,,,,,,,,,,,,,,,,,,,,,,,
,,,,,,,,,,,,,,,,,,,,,,,,,,
,,,,,,,,,,,,,,,,,,,,,,,,,,
,,,,,,,,,,,,,,,,,,,,,,,,,,
,,,,,,,,,,,,,,,,,,,,,,,,,,
,,,,,,,,,,,,,,,,,,,,,,,,,,
,,,,,,,,,,,,,,,,,,,,,,,,,,
,,,,,,,,,,,,,,,,,,,,,,,,,,
,,,,,,,,,,,,,,,,,,,,,,,,,,
,,,,,,,,,,,,,,,,,,,,,,,,,,
,,,,,,,,,,,,,,,,,,,,,,,,,,
,,,,,,,,,,,,,,,,,,,,,,,,,,
,,,,,,,,,,,,,,,,,,,,,,,,,,
,,,,,,,,,,,,,,,,,,,,,,,,,,
,,,,,,,,,,,,,,,,,,,,,,,,,,
,,,,,,,,,,,,,,,,,,,,,,,,,,
,,,,,,,,,,,,,,,,,,,,,,,,,,
,,,,,,,,,,,,,,,,,,,,,,,,,,
,,,,,,,,,,,,,,,,,,,,,,,,,,
,,,,,,,,,,,,,,,,,,,,,,,,,,
,,,,,,,,,,,,,,,,,,,,,,,,,,
,,,,,,,,,,,,,,,,,,,,,,,,,,
,,,,,,,,,,,,,,,,,,,,,,,,,,
,,,,,,,,,,,,,,,,,,,,,,,,,,
,,,,,,,,,,,,,,,,,,,,,,,,,,
,,,,,,,,,,,,,,,,,,,,,,,,,,
,,,,,,,,,,,,,,,,,,,,,,,,,,
,,,,,,,,,,,,,,,,,,,,,,,,,,
,,,,,,,,,,,,,,,,,,,,,,,,,,
,,,,,,,,,,,,,,,,,,,,,,,,,,
,,,,,,,,,,,,,,,,,,,,,,,,,,
,,,,,,,,,,,,,,,,,,,,,,,,,,
,,,,,,,,,,,,,,,,,,,,,,,,,,
,,,,,,,,,,,,,,,,,,,,,,,,,,
,,,,,,,,,,,,,,,,,,,,,,,,,,
,,,,,,,,,,,,,,,,,,,,,,,,,,
,,,,,,,,,,,,,,,,,,,,,,,,,,
,,,,,,,,,,,,,,,,,,,,,,,,,,
,,,,,,,,,,,,,,,,,,,,,,,,,,
,,,,,,,,,,,,,,,,,,,,,,,,,,
,,,,,,,,,,,,,,,,,,,,,,,,,,
,,,,,,,,,,,,,,,,,,,,,,,,,,
,,,,,,,,,,,,,,,,,,,,,,,,,,
,,,,,,,,,,,,,,,,,,,,,,,,,,
,,,,,,,,,,,,,,,,,,,,,,,,,,
,,,,,,,,,,,,,,,,,,,,,,,,,,
,,,,,,,,,,,,,,,,,,,,,,,,,,
,,,,,,,,,,,,,,,,,,,,,,,,,,
,,,,,,,,,,,,,,,,,,,,,,,,,,
,,,,,,,,,,,,,,,,,,,,,,,,,,
,,,,,,,,,,,,,,,,,,,,,,,,,,
,,,,,,,,,,,,,,,,,,,,,,,,,,
,,,,,,,,,,,,,,,,,,,,,,,,,,
,,,,,,,,,,,,,,,,,,,,,,,,,,
,,,,,,,,,,,,,,,,,,,,,,,,,,
,,,,,,,,,,,,,,,,,,,,,,,,,,
,,,,,,,,,,,,,,,,,,,,,,,,,,
,,,,,,,,,,,,,,,,,,,,,,,,,,
,,,,,,,,,,,,,,,,,,,,,,,,,,
,,,,,,,,,,,,,,,,,,,,,,,,,,
,,,,,,,,,,,,,,,,,,,,,,,,,,
,,,,,,,,,,,,,,,,,,,,,,,,,,
,,,,,,,,,,,,,,,,,,,,,,,,,,
,,,,,,,,,,,,,,,,,,,,,,,,,,
,,,,,,,,,,,,,,,,,,,,,,,,,,
,,,,,,,,,,,,,,,,,,,,,,,,,,
,,,,,,,,,,,,,,,,,,,,,,,,,,
,,,,,,,,,,,,,,,,,,,,,,,,,,
,,,,,,,,,,,,,,,,,,,,,,,,,,
,,,,,,,,,,,,,,,,,,,,,,,,,,
,,,,,,,,,,,,,,,,,,,,,,,,,,
,,,,,,,,,,,,,,,,,,,,,,,,,,
,,,,,,,,,,,,,,,,,,,,,,,,,,
,,,,,,,,,,,,,,,,,,,,,,,,,,
,,,,,,,,,,,,,,,,,,,,,,,,,,
,,,,,,,,,,,,,,,,,,,,,,,,,,
,,,,,,,,,,,,,,,,,,,,,,,,,,
,,,,,,,,,,,,,,,,,,,,,,,,,,
,,,,,,,,,,,,,,,,,,,,,,,,,,
,,,,,,,,,,,,,,,,,,,,,,,,,,
,,,,,,,,,,,,,,,,,,,,,,,,,,
,,,,,,,,,,,,,,,,,,,,,,,,,,
,,,,,,,,,,,,,,,,,,,,,,,,,,
,,,,,,,,,,,,,,,,,,,,,,,,,,
,,,,,,,,,,,,,,,,,,,,,,,,,,
,,,,,,,,,,,,,,,,,,,,,,,,,,
,,,,,,,,,,,,,,,,,,,,,,,,,,
,,,,,,,,,,,,,,,,,,,,,,,,,,
,,,,,,,,,,,,,,,,,,,,,,,,,,
,,,,,,,,,,,,,,,,,,,,,,,,,,
,,,,,,,,,,,,,,,,,,,,,,,,,,
,,,,,,,,,,,,,,,,,,,,,,,,,,
,,,,,,,,,,,,,,,,,,,,,,,,,,
,,,,,,,,,,,,,,,,,,,,,,,,,,
,,,,,,,,,,,,,,,,,,,,,,,,,,
,,,,,,,,,,,,,,,,,,,,,,,,,,
,,,,,,,,,,,,,,,,,,,,,,,,,,
,,,,,,,,,,,,,,,,,,,,,,,,,,
,,,,,,,,,,,,,,,,,,,,,,,,,,
,,,,,,,,,,,,,,,,,,,,,,,,,,
,,,,,,,,,,,,,,,,,,,,,,,,,,
,,,,,,,,,,,,,,,,,,,,,,,,,,
,,,,,,,,,,,,,,,,,,,,,,,,,,
,,,,,,,,,,,,,,,,,,,,,,,,,,
,,,,,,,,,,,,,,,,,,,,,,,,,,
,,,,,,,,,,,,,,,,,,,,,,,,,,
,,,,,,,,,,,,,,,,,,,,,,,,,,
,,,,,,,,,,,,,,,,,,,,,,,,,,
,,,,,,,,,,,,,,,,,,,,,,,,,,
,,,,,,,,,,,,,,,,,,,,,,,,,,
,,,,,,,,,,,,,,,,,,,,,,,,,,
,,,,,,,,,,,,,,,,,,,,,,,,,,
,,,,,,,,,,,,,,,,,,,,,,,,,,
,,,,,,,,,,,,,,,,,,,,,,,,,,
,,,,,,,,,,,,,,,,,,,,,,,,,,
,,,,,,,,,,,,,,,,,,,,,,,,,,
,,,,,,,,,,,,,,,,,,,,,,,,,,
,,,,,,,,,,,,,,,,,,,,,,,,,,
,,,,,,,,,,,,,,,,,,,,,,,,,,
,,,,,,,,,,,,,,,,,,,,,,,,,,
,,,,,,,,,,,,,,,,,,,,,,,,,,
,,,,,,,,,,,,,,,,,,,,,,,,,,
,,,,,,,,,,,,,,,,,,,,,,,,,,
,,,,,,,,,,,,,,,,,,,,,,,,,,
,,,,,,,,,,,,,,,,,,,,,,,,,,
,,,,,,,,,,,,,,,,,,,,,,,,,,
,,,,,,,,,,,,,,,,,,,,,,,,,,
,,,,,,,,,,,,,,,,,,,,,,,,,,
,,,,,,,,,,,,,,,,,,,,,,,,,,
,,,,,,,,,,,,,,,,,,,,,,,,,,
,,,,,,,,,,,,,,,,,,,,,,,,,,
,,,,,,,,,,,,,,,,,,,,,,,,,,
,,,,,,,,,,,,,,,,,,,,,,,,,,
,,,,,,,,,,,,,,,,,,,,,,,,,,
,,,,,,,,,,,,,,,,,,,,,,,,,,
,,,,,,,,,,,,,,,,,,,,,,,,,,
,,,,,,,,,,,,,,,,,,,,,,,,,,
,,,,,,,,,,,,,,,,,,,,,,,,,,
,,,,,,,,,,,,,,,,,,,,,,,,,,
,,,,,,,,,,,,,,,,,,,,,,,,,,
,,,,,,,,,,,,,,,,,,,,,,,,,,
,,,,,,,,,,,,,,,,,,,,,,,,,,
,,,,,,,,,,,,,,,,,,,,,,,,,,
,,,,,,,,,,,,,,,,,,,,,,,,,,
,,,,,,,,,,,,,,,,,,,,,,,,,,
,,,,,,,,,,,,,,,,,,,,,,,,,,
,,,,,,,,,,,,,,,,,,,,,,,,,,
,,,,,,,,,,,,,,,,,,,,,,,,,,
,,,,,,,,,,,,,,,,,,,,,,,,,,
,,,,,,,,,,,,,,,,,,,,,,,,,,
,,,,,,,,,,,,,,,,,,,,,,,,,,
,,,,,,,,,,,,,,,,,,,,,,,,,,
,,,,,,,,,,,,,,,,,,,,,,,,,,
,,,,,,,,,,,,,,,,,,,,,,,,,,
,,,,,,,,,,,,,,,,,,,,,,,,,,
,,,,,,,,,,,,,,,,,,,,,,,,,,
,,,,,,,,,,,,,,,,,,,,,,,,,,
,,,,,,,,,,,,,,,,,,,,,,,,,,
,,,,,,,,,,,,,,,,,,,,,,,,,,
,,,,,,,,,,,,,,,,,,,,,,,,,,
,,,,,,,,,,,,,,,,,,,,,,,,,,
,,,,,,,,,,,,,,,,,,,,,,,,,,
,,,,,,,,,,,,,,,,,,,,,,,,,,
,,,,,,,,,,,,,,,,,,,,,,,,,,
,,,,,,,,,,,,,,,,,,,,,,,,,,
,,,,,,,,,,,,,,,,,,,,,,,,,,
,,,,,,,,,,,,,,,,,,,,,,,,,,
,,,,,,,,,,,,,,,,,,,,,,,,,,
,,,,,,,,,,,,,,,,,,,,,,,,,,
,,,,,,,,,,,,,,,,,,,,,,,,,,
,,,,,,,,,,,,,,,,,,,,,,,,,,
,,,,,,,,,,,,,,,,,,,,,,,,,,
,,,,,,,,,,,,,,,,,,,,,,,,,,
,,,,,,,,,,,,,,,,,,,,,,,,,,
,,,,,,,,,,,,,,,,,,,,,,,,,,
,,,,,,,,,,,,,,,,,,,,,,,,,,
,,,,,,,,,,,,,,,,,,,,,,,,,,
,,,,,,,,,,,,,,,,,,,,,,,,,,
,,,,,,,,,,,,,,,,,,,,,,,,,,
,,,,,,,,,,,,,,,,,,,,,,,,,,
,,,,,,,,,,,,,,,,,,,,,,,,,,
,,,,,,,,,,,,,,,,,,,,,,,,,,
,,,,,,,,,,,,,,,,,,,,,,,,,,
,,,,,,,,,,,,,,,,,,,,,,,,,,
,,,,,,,,,,,,,,,,,,,,,,,,,,
,,,,,,,,,,,,,,,,,,,,,,,,,,
,,,,,,,,,,,,,,,,,,,,,,,,,,
,,,,,,,,,,,,,,,,,,,,,,,,,,
,,,,,,,,,,,,,,,,,,,,,,,,,,
,,,,,,,,,,,,,,,,,,,,,,,,,,
,,,,,,,,,,,,,,,,,,,,,,,,,,
,,,,,,,,,,,,,,,,,,,,,,,,,,
,,,,,,,,,,,,,,,,,,,,,,,,,,
,,,,,,,,,,,,,,,,,,,,,,,,,,
,,,,,,,,,,,,,,,,,,,,,,,,,,
,,,,,,,,,,,,,,,,,,,,,,,,,,
,,,,,,,,,,,,,,,,,,,,,,,,,,
,,,,,,,,,,,,,,,,,,,,,,,,,,
,,,,,,,,,,,,,,,,,,,,,,,,,,
,,,,,,,,,,,,,,,,,,,,,,,,,,
,,,,,,,,,,,,,,,,,,,,,,,,,,
,,,,,,,,,,,,,,,,,,,,,,,,,,
,,,,,,,,,,,,,,,,,,,,,,,,,,
,,,,,,,,,,,,,,,,,,,,,,,,,,
,,,,,,,,,,,,,,,,,,,,,,,,,,
,,,,,,,,,,,,,,,,,,,,,,,,,,
,,,,,,,,,,,,,,,,,,,,,,,,,,
,,,,,,,,,,,,,,,,,,,,,,,,,,
,,,,,,,,,,,,,,,,,,,,,,,,,,
,,,,,,,,,,,,,,,,,,,,,,,,,,
,,,,,,,,,,,,,,,,,,,,,,,,,,
,,,,,,,,,,,,,,,,,,,,,,,,,,
,,,,,,,,,,,,,,,,,,,,,,,,,,
,,,,,,,,,,,,,,,,,,,,,,,,,,
,,,,,,,,,,,,,,,,,,,,,,,,,,
,,,,,,,,,,,,,,,,,,,,,,,,,,
,,,,,,,,,,,,,,,,,,,,,,,,,,
,,,,,,,,,,,,,,,,,,,,,,,,,,
,,,,,,,,,,,,,,,,,,,,,,,,,,
,,,,,,,,,,,,,,,,,,,,,,,,,,
,,,,,,,,,,,,,,,,,,,,,,,,,,
,,,,,,,,,,,,,,,,,,,,,,,,,,
,,,,,,,,,,,,,,,,,,,,,,,,,,
,,,,,,,,,,,,,,,,,,,,,,,,,,
,,,,,,,,,,,,,,,,,,,,,,,,,,
,,,,,,,,,,,,,,,,,,,,,,,,,,
,,,,,,,,,,,,,,,,,,,,,,,,,,
,,,,,,,,,,,,,,,,,,,,,,,,,,
,,,,,,,,,,,,,,,,,,,,,,,,,,
,,,,,,,,,,,,,,,,,,,,,,,,,,
,,,,,,,,,,,,,,,,,,,,,,,,,,
,,,,,,,,,,,,,,,,,,,,,,,,,,
,,,,,,,,,,,,,,,,,,,,,,,,,,
,,,,,,,,,,,,,,,,,,,,,,,,,,
,,,,,,,,,,,,,,,,,,,,,,,,,,
,,,,,,,,,,,,,,,,,,,,,,,,,,
,,,,,,,,,,,,,,,,,,,,,,,,,,
,,,,,,,,,,,,,,,,,,,,,,,,,,
,,,,,,,,,,,,,,,,,,,,,,,,,,
,,,,,,,,,,,,,,,,,,,,,,,,,,
,,,,,,,,,,,,,,,,,,,,,,,,,,
,,,,,,,,,,,,,,,,,,,,,,,,,,
,,,,,,,,,,,,,,,,,,,,,,,,,,
,,,,,,,,,,,,,,,,,,,,,,,,,,
,,,,,,,,,,,,,,,,,,,,,,,,,,
,,,,,,,,,,,,,,,,,,,,,,,,,,
,,,,,,,,,,,,,,,,,,,,,,,,,,
,,,,,,,,,,,,,,,,,,,,,,,,,,
,,,,,,,,,,,,,,,,,,,,,,,,,,
,,,,,,,,,,,,,,,,,,,,,,,,,,
,,,,,,,,,,,,,,,,,,,,,,,,,,
,,,,,,,,,,,,,,,,,,,,,,,,,,
,,,,,,,,,,,,,,,,,,,,,,,,,,
,,,,,,,,,,,,,,,,,,,,,,,,,,
,,,,,,,,,,,,,,,,,,,,,,,,,,
,,,,,,,,,,,,,,,,,,,,,,,,,,
,,,,,,,,,,,,,,,,,,,,,,,,,,
,,,,,,,,,,,,,,,,,,,,,,,,,,
,,,,,,,,,,,,,,,,,,,,,,,,,,
,,,,,,,,,,,,,,,,,,,,,,,,,,
,,,,,,,,,,,,,,,,,,,,,,,,,,
,,,,,,,,,,,,,,,,,,,,,,,,,,
,,,,,,,,,,,,,,,,,,,,,,,,,,
,,,,,,,,,,,,,,,,,,,,,,,,,,
,,,,,,,,,,,,,,,,,,,,,,,,,,
,,,,,,,,,,,,,,,,,,,,,,,,,,
,,,,,,,,,,,,,,,,,,,,,,,,,,
,,,,,,,,,,,,,,,,,,,,,,,,,,
,,,,,,,,,,,,,,,,,,,,,,,,,,
,,,,,,,,,,,,,,,,,,,,,,,,,,
,,,,,,,,,,,,,,,,,,,,,,,,,,
,,,,,,,,,,,,,,,,,,,,,,,,,,
,,,,,,,,,,,,,,,,,,,,,,,,,,
,,,,,,,,,,,,,,,,,,,,,,,,,,
,,,,,,,,,,,,,,,,,,,,,,,,,,
,,,,,,,,,,,,,,,,,,,,,,,,,,
,,,,,,,,,,,,,,,,,,,,,,,,,,
,,,,,,,,,,,,,,,,,,,,,,,,,,
,,,,,,,,,,,,,,,,,,,,,,,,,,
,,,,,,,,,,,,,,,,,,,,,,,,,,
,,,,,,,,,,,,,,,,,,,,,,,,,,
,,,,,,,,,,,,,,,,,,,,,,,,,,
,,,,,,,,,,,,,,,,,,,,,,,,,,
,,,,,,,,,,,,,,,,,,,,,,,,,,
,,,,,,,,,,,,,,,,,,,,,,,,,,
,,,,,,,,,,,,,,,,,,,,,,,,,,
,,,,,,,,,,,,,,,,,,,,,,,,,,
,,,,,,,,,,,,,,,,,,,,,,,,,,
,,,,,,,,,,,,,,,,,,,,,,,,,,
,,,,,,,,,,,,,,,,,,,,,,,,,,
,,,,,,,,,,,,,,,,,,,,,,,,,,
,,,,,,,,,,,,,,,,,,,,,,,,,,
,,,,,,,,,,,,,,,,,,,,,,,,,,
,,,,,,,,,,,,,,,,,,,,,,,,,,
,,,,,,,,,,,,,,,,,,,,,,,,,,
,,,,,,,,,,,,,,,,,,,,,,,,,,
,,,,,,,,,,,,,,,,,,,,,,,,,,
,,,,,,,,,,,,,,,,,,,,,,,,,,
,,,,,,,,,,,,,,,,,,,,,,,,,,
,,,,,,,,,,,,,,,,,,,,,,,,,,
,,,,,,,,,,,,,,,,,,,,,,,,,,
,,,,,,,,,,,,,,,,,,,,,,,,,,
,,,,,,,,,,,,,,,,,,,,,,,,,,
,,,,,,,,,,,,,,,,,,,,,,,,,,
,,,,,,,,,,,,,,,,,,,,,,,,,,
,,,,,,,,,,,,,,,,,,,,,,,,,,
,,,,,,,,,,,,,,,,,,,,,,,,,,
,,,,,,,,,,,,,,,,,,,,,,,,,,
,,,,,,,,,,,,,,,,,,,,,,,,,,
,,,,,,,,,,,,,,,,,,,,,,,,,,
,,,,,,,,,,,,,,,,,,,,,,,,,,
,,,,,,,,,,,,,,,,,,,,,,,,,,
,,,,,,,,,,,,,,,,,,,,,,,,,,
,,,,,,,,,,,,,,,,,,,,,,,,,,
,,,,,,,,,,,,,,,,,,,,,,,,,,
,,,,,,,,,,,,,,,,,,,,,,,,,,
,,,,,,,,,,,,,,,,,,,,,,,,,,
,,,,,,,,,,,,,,,,,,,,,,,,,,
,,,,,,,,,,,,,,,,,,,,,,,,,,
,,,,,,,,,,,,,,,,,,,,,,,,,,
,,,,,,,,,,,,,,,,,,,,,,,,,,
,,,,,,,,,,,,,,,,,,,,,,,,,,
,,,,,,,,,,,,,,,,,,,,,,,,,,
,,,,,,,,,,,,,,,,,,,,,,,,,,
,,,,,,,,,,,,,,,,,,,,,,,,,,
,,,,,,,,,,,,,,,,,,,,,,,,,,
,,,,,,,,,,,,,,,,,,,,,,,,,,
,,,,,,,,,,,,,,,,,,,,,,,,,,
,,,,,,,,,,,,,,,,,,,,,,,,,,
,,,,,,,,,,,,,,,,,,,,,,,,,,
,,,,,,,,,,,,,,,,,,,,,,,,,,
,,,,,,,,,,,,,,,,,,,,,,,,,,
,,,,,,,,,,,,,,,,,,,,,,,,,,
,,,,,,,,,,,,,,,,,,,,,,,,,,
,,,,,,,,,,,,,,,,,,,,,,,,,,
,,,,,,,,,,,,,,,,,,,,,,,,,,
,,,,,,,,,,,,,,,,,,,,,,,,,,
,,,,,,,,,,,,,,,,,,,,,,,,,,
,,,,,,,,,,,,,,,,,,,,,,,,,,
,,,,,,,,,,,,,,,,,,,,,,,,,,
,,,,,,,,,,,,,,,,,,,,,,,,,,
,,,,,,,,,,,,,,,,,,,,,,,,,,
,,,,,,,,,,,,,,,,,,,,,,,,,,
,,,,,,,,,,,,,,,,,,,,,,,,,,
,,,,,,,,,,,,,,,,,,,,,,,,,,
,,,,,,,,,,,,,,,,,,,,,,,,,,
,,,,,,,,,,,,,,,,,,,,,,,,,,
,,,,,,,,,,,,,,,,,,,,,,,,,,
,,,,,,,,,,,,,,,,,,,,,,,,,,
,,,,,,,,,,,,,,,,,,,,,,,,,,
,,,,,,,,,,,,,,,,,,,,,,,,,,
,,,,,,,,,,,,,,,,,,,,,,,,,,
,,,,,,,,,,,,,,,,,,,,,,,,,,
,,,,,,,,,,,,,,,,,,,,,,,,,,
,,,,,,,,,,,,,,,,,,,,,,,,,,
,,,,,,,,,,,,,,,,,,,,,,,,,,
,,,,,,,,,,,,,,,,,,,,,,,,,,
,,,,,,,,,,,,,,,,,,,,,,,,,,
,,,,,,,,,,,,,,,,,,,,,,,,,,
,,,,,,,,,,,,,,,,,,,,,,,,,,
,,,,,,,,,,,,,,,,,,,,,,,,,,
,,,,,,,,,,,,,,,,,,,,,,,,,,
,,,,,,,,,,,,,,,,,,,,,,,,,,
,,,,,,,,,,,,,,,,,,,,,,,,,,
,,,,,,,,,,,,,,,,,,,,,,,,,,
,,,,,,,,,,,,,,,,,,,,,,,,,,
,,,,,,,,,,,,,,,,,,,,,,,,,,
,,,,,,,,,,,,,,,,,,,,,,,,,,
,,,,,,,,,,,,,,,,,,,,,,,,,,
,,,,,,,,,,,,,,,,,,,,,,,,,,
,,,,,,,,,,,,,,,,,,,,,,,,,,
,,,,,,,,,,,,,,,,,,,,,,,,,,
,,,,,,,,,,,,,,,,,,,,,,,,,,
,,,,,,,,,,,,,,,,,,,,,,,,,,
,,,,,,,,,,,,,,,,,,,,,,,,,,
,,,,,,,,,,,,,,,,,,,,,,,,,,
,,,,,,,,,,,,,,,,,,,,,,,,,,
,,,,,,,,,,,,,,,,,,,,,,,,,,
,,,,,,,,,,,,,,,,,,,,,,,,,,
,,,,,,,,,,,,,,,,,,,,,,,,,,
,,,,,,,,,,,,,,,,,,,,,,,,,,
,,,,,,,,,,,,,,,,,,,,,,,,,,
,,,,,,,,,,,,,,,,,,,,,,,,,,
,,,,,,,,,,,,,,,,,,,,,,,,,,
,,,,,,,,,,,,,,,,,,,,,,,,,,
,,,,,,,,,,,,,,,,,,,,,,,,,,
,,,,,,,,,,,,,,,,,,,,,,,,,,
,,,,,,,,,,,,,,,,,,,,,,,,,,
,,,,,,,,,,,,,,,,,,,,,,,,,,
,,,,,,,,,,,,,,,,,,,,,,,,,,
,,,,,,,,,,,,,,,,,,,,,,,,,,
,,,,,,,,,,,,,,,,,,,,,,,,,,
,,,,,,,,,,,,,,,,,,,,,,,,,,
,,,,,,,,,,,,,,,,,,,,,,,,,,
,,,,,,,,,,,,,,,,,,,,,,,,,,
,,,,,,,,,,,,,,,,,,,,,,,,,,
,,,,,,,,,,,,,,,,,,,,,,,,,,
,,,,,,,,,,,,,,,,,,,,,,,,,,
,,,,,,,,,,,,,,,,,,,,,,,,,,
,,,,,,,,,,,,,,,,,,,,,,,,,,
,,,,,,,,,,,,,,,,,,,,,,,,,,
,,,,,,,,,,,,,,,,,,,,,,,,,,
,,,,,,,,,,,,,,,,,,,,,,,,,,
,,,,,,,,,,,,,,,,,,,,,,,,,,
,,,,,,,,,,,,,,,,,,,,,,,,,,
,,,,,,,,,,,,,,,,,,,,,,,,,,
,,,,,,,,,,,,,,,,,,,,,,,,,,
,,,,,,,,,,,,,,,,,,,,,,,,,,
,,,,,,,,,,,,,,,,,,,,,,,,,,
,,,,,,,,,,,,,,,,,,,,,,,,,,
,,,,,,,,,,,,,,,,,,,,,,,,,,
,,,,,,,,,,,,,,,,,,,,,,,,,,
,,,,,,,,,,,,,,,,,,,,,,,,,,
,,,,,,,,,,,,,,,,,,,,,,,,,,
,,,,,,,,,,,,,,,,,,,,,,,,,,
,,,,,,,,,,,,,,,,,,,,,,,,,,
,,,,,,,,,,,,,,,,,,,,,,,,,,
,,,,,,,,,,,,,,,,,,,,,,,,,,
,,,,,,,,,,,,,,,,,,,,,,,,,,
,,,,,,,,,,,,,,,,,,,,,,,,,,
,,,,,,,,,,,,,,,,,,,,,,,,,,
,,,,,,,,,,,,,,,,,,,,,,,,,,
,,,,,,,,,,,,,,,,,,,,,,,,,,
,,,,,,,,,,,,,,,,,,,,,,,,,,
,,,,,,,,,,,,,,,,,,,,,,,,,,
,,,,,,,,,,,,,,,,,,,,,,,,,,
,,,,,,,,,,,,,,,,,,,,,,,,,,
,,,,,,,,,,,,,,,,,,,,,,,,,,
,,,,,,,,,,,,,,,,,,,,,,,,,,
,,,,,,,,,,,,,,,,,,,,,,,,,,
,,,,,,,,,,,,,,,,,,,,,,,,,,
,,,,,,,,,,,,,,,,,,,,,,,,,,
,,,,,,,,,,,,,,,,,,,,,,,,,,
,,,,,,,,,,,,,,,,,,,,,,,,,,
,,,,,,,,,,,,,,,,,,,,,,,,,,
,,,,,,,,,,,,,,,,,,,,,,,,,,
,,,,,,,,,,,,,,,,,,,,,,,,,,
,,,,,,,,,,,,,,,,,,,,,,,,,,
,,,,,,,,,,,,,,,,,,,,,,,,,,
,,,,,,,,,,,,,,,,,,,,,,,,,,
,,,,,,,,,,,,,,,,,,,,,,,,,,
,,,,,,,,,,,,,,,,,,,,,,,,,,
,,,,,,,,,,,,,,,,,,,,,,,,,,
,,,,,,,,,,,,,,,,,,,,,,,,,,
,,,,,,,,,,,,,,,,,,,,,,,,,,
,,,,,,,,,,,,,,,,,,,,,,,,,,
,,,,,,,,,,,,,,,,,,,,,,,,,,
,,,,,,,,,,,,,,,,,,,,,,,,,,
,,,,,,,,,,,,,,,,,,,,,,,,,,
,,,,,,,,,,,,,,,,,,,,,,,,,,
,,,,,,,,,,,,,,,,,,,,,,,,,,
,,,,,,,,,,,,,,,,,,,,,,,,,,
,,,,,,,,,,,,,,,,,,,,,,,,,,
,,,,,,,,,,,,,,,,,,,,,,,,,,
,,,,,,,,,,,,,,,,,,,,,,,,,,
,,,,,,,,,,,,,,,,,,,,,,,,,,
,,,,,,,,,,,,,,,,,,,,,,,,,,
,,,,,,,,,,,,,,,,,,,,,,,,,,
,,,,,,,,,,,,,,,,,,,,,,,,,,
,,,,,,,,,,,,,,,,,,,,,,,,,,
,,,,,,,,,,,,,,,,,,,,,,,,,,
,,,,,,,,,,,,,,,,,,,,,,,,,,
,,,,,,,,,,,,,,,,,,,,,,,,,,
,,,,,,,,,,,,,,,,,,,,,,,,,,
,,,,,,,,,,,,,,,,,,,,,,,,,,
,,,,,,,,,,,,,,,,,,,,,,,,,,
,,,,,,,,,,,,,,,,,,,,,,,,,,
,,,,,,,,,,,,,,,,,,,,,,,,,,
,,,,,,,,,,,,,,,,,,,,,,,,,,
,,,,,,,,,,,,,,,,,,,,,,,,,,
,,,,,,,,,,,,,,,,,,,,,,,,,,
,,,,,,,,,,,,,,,,,,,,,,,,,,
,,,,,,,,,,,,,,,,,,,,,,,,,,
,,,,,,,,,,,,,,,,,,,,,,,,,,
,,,,,,,,,,,,,,,,,,,,,,,,,,
,,,,,,,,,,,,,,,,,,,,,,,,,,
,,,,,,,,,,,,,,,,,,,,,,,,,,
,,,,,,,,,,,,,,,,,,,,,,,,,,
,,,,,,,,,,,,,,,,,,,,,,,,,,
,,,,,,,,,,,,,,,,,,,,,,,,,,
,,,,,,,,,,,,,,,,,,,,,,,,,,
,,,,,,,,,,,,,,,,,,,,,,,,,,
,,,,,,,,,,,,,,,,,,,,,,,,,,
,,,,,,,,,,,,,,,,,,,,,,,,,,
,,,,,,,,,,,,,,,,,,,,,,,,,,
,,,,,,,,,,,,,,,,,,,,,,,,,,
,,,,,,,,,,,,,,,,,,,,,,,,,,
,,,,,,,,,,,,,,,,,,,,,,,,,,
,,,,,,,,,,,,,,,,,,,,,,,,,,
,,,,,,,,,,,,,,,,,,,,,,,,,,
,,,,,,,,,,,,,,,,,,,,,,,,,,
,,,,,,,,,,,,,,,,,,,,,,,,,,
,,,,,,,,,,,,,,,,,,,,,,,,,,
,,,,,,,,,,,,,,,,,,,,,,,,,,
,,,,,,,,,,,,,,,,,,,,,,,,,,
,,,,,,,,,,,,,,,,,,,,,,,,,,
,,,,,,,,,,,,,,,,,,,,,,,,,,
,,,,,,,,,,,,,,,,,,,,,,,,,,
,,,,,,,,,,,,,,,,,,,,,,,,,,
,,,,,,,,,,,,,,,,,,,,,,,,,,
,,,,,,,,,,,,,,,,,,,,,,,,,,
,,,,,,,,,,,,,,,,,,,,,,,,,,
,,,,,,,,,,,,,,,,,,,,,,,,,,
,,,,,,,,,,,,,,,,,,,,,,,,,,
,,,,,,,,,,,,,,,,,,,,,,,,,,
,,,,,,,,,,,,,,,,,,,,,,,,,,
,,,,,,,,,,,,,,,,,,,,,,,,,,
,,,,,,,,,,,,,,,,,,,,,,,,,,
,,,,,,,,,,,,,,,,,,,,,,,,,,
,,,,,,,,,,,,,,,,,,,,,,,,,,
,,,,,,,,,,,,,,,,,,,,,,,,,,
,,,,,,,,,,,,,,,,,,,,,,,,,,
,,,,,,,,,,,,,,,,,,,,,,,,,,
,,,,,,,,,,,,,,,,,,,,,,,,,,
,,,,,,,,,,,,,,,,,,,,,,,,,,
,,,,,,,,,,,,,,,,,,,,,,,,,,
,,,,,,,,,,,,,,,,,,,,,,,,,,
,,,,,,,,,,,,,,,,,,,,,,,,,,
,,,,,,,,,,,,,,,,,,,,,,,,,,
,,,,,,,,,,,,,,,,,,,,,,,,,,
,,,,,,,,,,,,,,,,,,,,,,,,,,
,,,,,,,,,,,,,,,,,,,,,,,,,,
,,,,,,,,,,,,,,,,,,,,,,,,,,
,,,,,,,,,,,,,,,,,,,,,,,,,,
,,,,,,,,,,,,,,,,,,,,,,,,,,
,,,,,,,,,,,,,,,,,,,,,,,,,,
,,,,,,,,,,,,,,,,,,,,,,,,,,
,,,,,,,,,,,,,,,,,,,,,,,,,,
,,,,,,,,,,,,,,,,,,,,,,,,,,
,,,,,,,,,,,,,,,,,,,,,,,,,,
,,,,,,,,,,,,,,,,,,,,,,,,,,
,,,,,,,,,,,,,,,,,,,,,,,,,,
,,,,,,,,,,,,,,,,,,,,,,,,,,
,,,,,,,,,,,,,,,,,,,,,,,,,,
,,,,,,,,,,,,,,,,,,,,,,,,,,
,,,,,,,,,,,,,,,,,,,,,,,,,,
,,,,,,,,,,,,,,,,,,,,,,,,,,
,,,,,,,,,,,,,,,,,,,,,,,,,,
,,,,,,,,,,,,,,,,,,,,,,,,,,
,,,,,,,,,,,,,,,,,,,,,,,,,,
,,,,,,,,,,,,,,,,,,,,,,,,,,
,,,,,,,,,,,,,,,,,,,,,,,,,,
,,,,,,,,,,,,,,,,,,,,,,,,,,
,,,,,,,,,,,,,,,,,,,,,,,,,,
,,,,,,,,,,,,,,,,,,,,,,,,,,
,,,,,,,,,,,,,,,,,,,,,,,,,,
,,,,,,,,,,,,,,,,,,,,,,,,,,
,,,,,,,,,,,,,,,,,,,,,,,,,,
,,,,,,,,,,,,,,,,,,,,,,,,,,
,,,,,,,,,,,,,,,,,,,,,,,,,,
,,,,,,,,,,,,,,,,,,,,,,,,,,
,,,,,,,,,,,,,,,,,,,,,,,,,,
,,,,,,,,,,,,,,,,,,,,,,,,,,
,,,,,,,,,,,,,,,,,,,,,,,,,,
,,,,,,,,,,,,,,,,,,,,,,,,,,
,,,,,,,,,,,,,,,,,,,,,,,,,,
,,,,,,,,,,,,,,,,,,,,,,,,,,
,,,,,,,,,,,,,,,,,,,,,,,,,,
,,,,,,,,,,,,,,,,,,,,,,,,,,
,,,,,,,,,,,,,,,,,,,,,,,,,,
,,,,,,,,,,,,,,,,,,,,,,,,,,
,,,,,,,,,,,,,,,,,,,,,,,,,,
,,,,,,,,,,,,,,,,,,,,,,,,,,
,,,,,,,,,,,,,,,,,,,,,,,,,,
,,,,,,,,,,,,,,,,,,,,,,,,,,
,,,,,,,,,,,,,,,,,,,,,,,,,,
,,,,,,,,,,,,,,,,,,,,,,,,,,
,,,,,,,,,,,,,,,,,,,,,,,,,,
,,,,,,,,,,,,,,,,,,,,,,,,,,
,,,,,,,,,,,,,,,,,,,,,,,,,,
,,,,,,,,,,,,,,,,,,,,,,,,,,
,,,,,,,,,,,,,,,,,,,,,,,,,,
,,,,,,,,,,,,,,,,,,,,,,,,,,
,,,,,,,,,,,,,,,,,,,,,,,,,,
,,,,,,,,,,,,,,,,,,,,,,,,,,
,,,,,,,,,,,,,,,,,,,,,,,,,,
,,,,,,,,,,,,,,,,,,,,,,,,,,
,,,,,,,,,,,,,,,,,,,,,,,,,,
,,,,,,,,,,,,,,,,,,,,,,,,,,
,,,,,,,,,,,,,,,,,,,,,,,,,,
,,,,,,,,,,,,,,,,,,,,,,,,,,
,,,,,,,,,,,,,,,,,,,,,,,,,,
,,,,,,,,,,,,,,,,,,,,,,,,,,
,,,,,,,,,,,,,,,,,,,,,,,,,,
,,,,,,,,,,,,,,,,,,,,,,,,,,
,,,,,,,,,,,,,,,,,,,,,,,,,,
,,,,,,,,,,,,,,,,,,,,,,,,,,
,,,,,,,,,,,,,,,,,,,,,,,,,,
,,,,,,,,,,,,,,,,,,,,,,,,,,
,,,,,,,,,,,,,,,,,,,,,,,,,,
,,,,,,,,,,,,,,,,,,,,,,,,,,
,,,,,,,,,,,,,,,,,,,,,,,,,,
,,,,,,,,,,,,,,,,,,,,,,,,,,
,,,,,,,,,,,,,,,,,,,,,,,,,,
,,,,,,,,,,,,,,,,,,,,,,,,,,
,,,,,,,,,,,,,,,,,,,,,,,,,,
,,,,,,,,,,,,,,,,,,,,,,,,,,
,,,,,,,,,,,,,,,,,,,,,,,,,,
,,,,,,,,,,,,,,,,,,,,,,,,,,
,,,,,,,,,,,,,,,,,,,,,,,,,,
,,,,,,,,,,,,,,,,,,,,,,,,,,
,,,,,,,,,,,,,,,,,,,,,,,,,,
,,,,,,,,,,,,,,,,,,,,,,,,,,
,,,,,,,,,,,,,,,,,,,,,,,,,,
,,,,,,,,,,,,,,,,,,,,,,,,,,
,,,,,,,,,,,,,,,,,,,,,,,,,,
,,,,,,,,,,,,,,,,,,,,,,,,,,
,,,,,,,,,,,,,,,,,,,,,,,,,,
,,,,,,,,,,,,,,,,,,,,,,,,,,
,,,,,,,,,,,,,,,,,,,,,,,,,,
,,,,,,,,,,,,,,,,,,,,,,,,,,
,,,,,,,,,,,,,,,,,,,,,,,,,,
,,,,,,,,,,,,,,,,,,,,,,,,,,
,,,,,,,,,,,,,,,,,,,,,,,,,,
,,,,,,,,,,,,,,,,,,,,,,,,,,
,,,,,,,,,,,,,,,,,,,,,,,,,,
,,,,,,,,,,,,,,,,,,,,,,,,,,
,,,,,,,,,,,,,,,,,,,,,,,,,,
,,,,,,,,,,,,,,,,,,,,,,,,,,
,,,,,,,,,,,,,,,,,,,,,,,,,,
,,,,,,,,,,,,,,,,,,,,,,,,,,
,,,,,,,,,,,,,,,,,,,,,,,,,,
,,,,,,,,,,,,,,,,,,,,,,,,,,
,,,,,,,,,,,,,,,,,,,,,,,,,,
,,,,,,,,,,,,,,,,,,,,,,,,,,
,,,,,,,,,,,,,,,,,,,,,,,,,,
,,,,,,,,,,,,,,,,,,,,,,,,,,
,,,,,,,,,,,,,,,,,,,,,,,,,,
,,,,,,,,,,,,,,,,,,,,,,,,,,
,,,,,,,,,,,,,,,,,,,,,,,,,,
,,,,,,,,,,,,,,,,,,,,,,,,,,
,,,,,,,,,,,,,,,,,,,,,,,,,,
,,,,,,,,,,,,,,,,,,,,,,,,,,
,,,,,,,,,,,,,,,,,,,,,,,,,,
,,,,,,,,,,,,,,,,,,,,,,,,,,
,,,,,,,,,,,,,,,,,,,,,,,,,,
,,,,,,,,,,,,,,,,,,,,,,,,,,
,,,,,,,,,,,,,,,,,,,,,,,,,,
,,,,,,,,,,,,,,,,,,,,,,,,,,
,,,,,,,,,,,,,,,,,,,,,,,,,,
,,,,,,,,,,,,,,,,,,,,,,,,,,
,,,,,,,,,,,,,,,,,,,,,,,,,,
,,,,,,,,,,,,,,,,,,,,,,,,,,
,,,,,,,,,,,,,,,,,,,,,,,,,,
,,,,,,,,,,,,,,,,,,,,,,,,,,
,,,,,,,,,,,,,,,,,,,,,,,,,,
,,,,,,,,,,,,,,,,,,,,,,,,,,
,,,,,,,,,,,,,,,,,,,,,,,,,,
,,,,,,,,,,,,,,,,,,,,,,,,,,
,,,,,,,,,,,,,,,,,,,,,,,,,,
,,,,,,,,,,,,,,,,,,,,,,,,,,
,,,,,,,,,,,,,,,,,,,,,,,,,,
,,,,,,,,,,,,,,,,,,,,,,,,,,
,,,,,,,,,,,,,,,,,,,,,,,,,,
,,,,,,,,,,,,,,,,,,,,,,,,,,
,,,,,,,,,,,,,,,,,,,,,,,,,,
,,,,,,,,,,,,,,,,,,,,,,,,,,
,,,,,,,,,,,,,,,,,,,,,,,,,,
,,,,,,,,,,,,,,,,,,,,,,,,,,
,,,,,,,,,,,,,,,,,,,,,,,,,,
,,,,,,,,,,,,,,,,,,,,,,,,,,
,,,,,,,,,,,,,,,,,,,,,,,,,,
,,,,,,,,,,,,,,,,,,,,,,,,,,
,,,,,,,,,,,,,,,,,,,,,,,,,,
,,,,,,,,,,,,,,,,,,,,,,,,,,
,,,,,,,,,,,,,,,,,,,,,,,,,,
,,,,,,,,,,,,,,,,,,,,,,,,,,
,,,,,,,,,,,,,,,,,,,,,,,,,,
,,,,,,,,,,,,,,,,,,,,,,,,,,
,,,,,,,,,,,,,,,,,,,,,,,,,,
,,,,,,,,,,,,,,,,,,,,,,,,,,
,,,,,,,,,,,,,,,,,,,,,,,,,,
,,,,,,,,,,,,,,,,,,,,,,,,,,
,,,,,,,,,,,,,,,,,,,,,,,,,,
,,,,,,,,,,,,,,,,,,,,,,,,,,
,,,,,,,,,,,,,,,,,,,,,,,,,,
,,,,,,,,,,,,,,,,,,,,,,,,,,
,,,,,,,,,,,,,,,,,,,,,,,,,,
,,,,,,,,,,,,,,,,,,,,,,,,,,
,,,,,,,,,,,,,,,,,,,,,,,,,,
,,,,,,,,,,,,,,,,,,,,,,,,,,
,,,,,,,,,,,,,,,,,,,,,,,,,,
,,,,,,,,,,,,,,,,,,,,,,,,,,
,,,,,,,,,,,,,,,,,,,,,,,,,,
,,,,,,,,,,,,,,,,,,,,,,,,,,
,,,,,,,,,,,,,,,,,,,,,,,,,,
,,,,,,,,,,,,,,,,,,,,,,,,,,
,,,,,,,,,,,,,,,,,,,,,,,,,,
,,,,,,,,,,,,,,,,,,,,,,,,,,
,,,,,,,,,,,,,,,,,,,,,,,,,,
,,,,,,,,,,,,,,,,,,,,,,,,,,
,,,,,,,,,,,,,,,,,,,,,,,,,,
,,,,,,,,,,,,,,,,,,,,,,,,,,
,,,,,,,,,,,,,,,,,,,,,,,,,,
,,,,,,,,,,,,,,,,,,,,,,,,,,
,,,,,,,,,,,,,,,,,,,,,,,,,,
,,,,,,,,,,,,,,,,,,,,,,,,,,
,,,,,,,,,,,,,,,,,,,,,,,,,,
,,,,,,,,,,,,,,,,,,,,,,,,,,
,,,,,,,,,,,,,,,,,,,,,,,,,,
,,,,,,,,,,,,,,,,,,,,,,,,,,
,,,,,,,,,,,,,,,,,,,,,,,,,,
,,,,,,,,,,,,,,,,,,,,,,,,,,
,,,,,,,,,,,,,,,,,,,,,,,,,,
,,,,,,,,,,,,,,,,,,,,,,,,,,
,,,,,,,,,,,,,,,,,,,,,,,,,,
,,,,,,,,,,,,,,,,,,,,,,,,,,
,,,,,,,,,,,,,,,,,,,,,,,,,,
,,,,,,,,,,,,,,,,,,,,,,,,,,
,,,,,,,,,,,,,,,,,,,,,,,,,,
,,,,,,,,,,,,,,,,,,,,,,,,,,
,,,,,,,,,,,,,,,,,,,,,,,,,,
,,,,,,,,,,,,,,,,,,,,,,,,,,
,,,,,,,,,,,,,,,,,,,,,,,,,,
,,,,,,,,,,,,,,,,,,,,,,,,,,
,,,,,,,,,,,,,,,,,,,,,,,,,,
,,,,,,,,,,,,,,,,,,,,,,,,,,
,,,,,,,,,,,,,,,,,,,,,,,,,,
,,,,,,,,,,,,,,,,,,,,,,,,,,
,,,,,,,,,,,,,,,,,,,,,,,,,,
,,,,,,,,,,,,,,,,,,,,,,,,,,
,,,,,,,,,,,,,,,,,,,,,,,,,,
,,,,,,,,,,,,,,,,,,,,,,,,,,
,,,,,,,,,,,,,,,,,,,,,,,,,,
,,,,,,,,,,,,,,,,,,,,,,,,,,
,,,,,,,,,,,,,,,,,,,,,,,,,,
,,,,,,,,,,,,,,,,,,,,,,,,,,
,,,,,,,,,,,,,,,,,,,,,,,,,,
,,,,,,,,,,,,,,,,,,,,,,,,,,
,,,,,,,,,,,,,,,,,,,,,,,,,,
,,,,,,,,,,,,,,,,,,,,,,,,,,
,,,,,,,,,,,,,,,,,,,,,,,,,,
,,,,,,,,,,,,,,,,,,,,,,,,,,
,,,,,,,,,,,,,,,,,,,,,,,,,,
,,,,,,,,,,,,,,,,,,,,,,,,,,
,,,,,,,,,,,,,,,,,,,,,,,,,,
,,,,,,,,,,,,,,,,,,,,,,,,,,
,,,,,,,,,,,,,,,,,,,,,,,,,,
,,,,,,,,,,,,,,,,,,,,,,,,,,
,,,,,,,,,,,,,,,,,,,,,,,,,,
,,,,,,,,,,,,,,,,,,,,,,,,,,
,,,,,,,,,,,,,,,,,,,,,,,,,,
,,,,,,,,,,,,,,,,,,,,,,,,,,
,,,,,,,,,,,,,,,,,,,,,,,,,,
,,,,,,,,,,,,,,,,,,,,,,,,,,
,,,,,,,,,,,,,,,,,,,,,,,,,,
,,,,,,,,,,,,,,,,,,,,,,,,,,
,,,,,,,,,,,,,,,,,,,,,,,,,,
,,,,,,,,,,,,,,,,,,,,,,,,,,
,,,,,,,,,,,,,,,,,,,,,,,,,,
,,,,,,,,,,,,,,,,,,,,,,,,,,
,,,,,,,,,,,,,,,,,,,,,,,,,,
,,,,,,,,,,,,,,,,,,,,,,,,,,
,,,,,,,,,,,,,,,,,,,,,,,,,,
,,,,,,,,,,,,,,,,,,,,,,,,,,
,,,,,,,,,,,,,,,,,,,,,,,,,,
,,,,,,,,,,,,,,,,,,,,,,,,,,
,,,,,,,,,,,,,,,,,,,,,,,,,,
,,,,,,,,,,,,,,,,,,,,,,,,,,
,,,,,,,,,,,,,,,,,,,,,,,,,,
,,,,,,,,,,,,,,,,,,,,,,,,,,
,,,,,,,,,,,,,,,,,,,,,,,,,,
,,,,,,,,,,,,,,,,,,,,,,,,,,
,,,,,,,,,,,,,,,,,,,,,,,,,,
,,,,,,,,,,,,,,,,,,,,,,,,,,
,,,,,,,,,,,,,,,,,,,,,,,,,,
,,,,,,,,,,,,,,,,,,,,,,,,,,
,,,,,,,,,,,,,,,,,,,,,,,,,,
,,,,,,,,,,,,,,,,,,,,,,,,,,
,,,,,,,,,,,,,,,,,,,,,,,,,,
,,,,,,,,,,,,,,,,,,,,,,,,,,
,,,,,,,,,,,,,,,,,,,,,,,,,,
,,,,,,,,,,,,,,,,,,,,,,,,,,
,,,,,,,,,,,,,,,,,,,,,,,,,,
,,,,,,,,,,,,,,,,,,,,,,,,,,
,,,,,,,,,,,,,,,,,,,,,,,,,,
,,,,,,,,,,,,,,,,,,,,,,,,,,
,,,,,,,,,,,,,,,,,,,,,,,,,,
,,,,,,,,,,,,,,,,,,,,,,,,,,
,,,,,,,,,,,,,,,,,,,,,,,,,,
,,,,,,,,,,,,,,,,,,,,,,,,,,
,,,,,,,,,,,,,,,,,,,,,,,,,,
,,,,,,,,,,,,,,,,,,,,,,,,,,
,,,,,,,,,,,,,,,,,,,,,,,,,,
,,,,,,,,,,,,,,,,,,,,,,,,,,
,,,,,,,,,,,,,,,,,,,,,,,,,,
,,,,,,,,,,,,,,,,,,,,,,,,,,
,,,,,,,,,,,,,,,,,,,,,,,,,,
,,,,,,,,,,,,,,,,,,,,,,,,,,
,,,,,,,,,,,,,,,,,,,,,,,,,,
,,,,,,,,,,,,,,,,,,,,,,,,,,
,,,,,,,,,,,,,,,,,,,,,,,,,,
,,,,,,,,,,,,,,,,,,,,,,,,,,
,,,,,,,,,,,,,,,,,,,,,,,,,,
,,,,,,,,,,,,,,,,,,,,,,,,,,
,,,,,,,,,,,,,,,,,,,,,,,,,,
,,,,,,,,,,,,,,,,,,,,,,,,,,
,,,,,,,,,,,,,,,,,,,,,,,,,,
,,,,,,,,,,,,,,,,,,,,,,,,,,
,,,,,,,,,,,,,,,,,,,,,,,,,,
,,,,,,,,,,,,,,,,,,,,,,,,,,
,,,,,,,,,,,,,,,,,,,,,,,,,,
,,,,,,,,,,,,,,,,,,,,,,,,,,
,,,,,,,,,,,,,,,,,,,,,,,,,,
,,,,,,,,,,,,,,,,,,,,,,,,,,
