id,Name,Description,Level,BeginnerTime,BeginnerCount,TargetMuscle,AnimationFile,ClipSource,ImageFile,MET,Part,Type,BasicCount,IntermediateCount,AdvancedCount,UpperCalibration,TargetDevice,LowerCalibration,exCategory,Multiply,Side,
51,내로우 푸쉬업,손바닥을 모아서 푸쉬업을 진행하는 운동으로 안쪽 가슴을 발달 시키기에 좋은 맨몸운동,힘듬,30,10,"[""상완 삼두근"",""대흉근"",""전방 삼각근""]",,https://www.youtube.com/watch?v=omRMyAyXnvE,,7.5,"[""팔""]",상체,10,20,35,2,"[1,2]",,1,1,0,
52,런지,"하체근육의 협응력을 기르는데 탁월하고, 엉덩이 근육을 키우는데 좋은 운동",힘듬,30,15,"[""대퇴사두근"",""대둔근""]",,https://youtu.be/WlOVnfmRLsg,,7.5,"[""허벅지""]",하체,15,30,45,,"[3,4]",0,1,1,0,
53,리버스 런지,뒤로 발을 뻗으면서 내려 앉는 운동. 내려 가면서 몸이 흔들리지 않게 코어에 힘을 유지해야함,보통,30,15,"[""대퇴사두근"",""대퇴이두근""]",,https://youtu.be/W75iFSaIyZ4,,6,"[""힙""""]",하체,15,30,45,,"[3,4]",0,1,1,0,
54,마운틴 클라이머,전신 유산소 운동으로 무릎을 가슴까지 끌어올리며 계속 달려주는 동작. 코어와 복근자극부터 효과적인 칼로리 소모까지 가능한 운동,힘듬,30,15,"[""삼각근"",""이두근"",""삼두근"",""완요골근"",""전완근""]",,https://youtu.be/4kxJTuESE5c,,7,"[""전신""]",둘다,15,25,40,,"[3,4]",0,1,1,0,
55,맨몸 스쿼트,허벅지와 코어 등 많은 부위의 근육을 활성화 시킬 수 있음.,보통,30,10,"[""대퇴사두근"",""대퇴이두근""]",,https://youtu.be/jBm2iqN3VGk,,6.3,"[""허벅지""]",하체,10,32,47,,"[3,4]",1,1,1,0,
56,맨손 쓰러스터,전신에 자극을 줄 수 있는 운동. 전신 근력 향상뿐만 아니라 칼로리 소모에도 매우 효과적인 운동,보통,30,8,"[""전방 삼각근"",""대퇴사두근""]",,https://youtu.be/-NrXLL8HosY,,6.3,"[""어깨""]",상체,8,32,47,0,"[1,2,3,4]",0,1,1,0,
57,무릎대고 푸쉬업,"기본적인 푸쉬업이 아직은 조금 버거울때, 무릎을 대고 푸쉬업을 하는 운동",보통,30,8,"[""'대흉근"",""상완 삼두근"",""전방 삼각근""]",,https://youtu.be/sYhYm9dpLxM,,6.3,"[""가슴""]",상체,8,35,55,2,"[1,2]",,1,1,0,
58,바이시클 크런치,무릎을 번갈아 팔꿈치에 찍으며 복근을 자극하는 운동,힘듬,30,14,"[""복직근"",""복사근"",""고관절""]",,https://youtu.be/UOIlcGA35Tg,,7.5,"[""코어""]",상체,14,40,60,,"[3,4]",0,1,1,0,
59,버피,칼로리를 소모시키기 위한 최고의 운동,힘듬,30,5,"[""대흉근"",""상완 삼두근"",""전방 삼각근""]",,https://youtu.be/qsThy7H9mjA,,7,"[""가슴""]",상체,5,12,20,,"[3,4]",0,1,1,0,
60,불가리안 스플릿 스쿼트(L),한다리를 올린 상태에서 런지 동작을 수행하는 운동. 한 다리에 집중하기 때문에 안정성과 균형감각 및 밸런스 향상에 유리함,힘듬,30,14,"[""대퇴사두근"",""대퇴이두근"",""대둔근""]",,https://youtu.be/GgEwr18jCvk,,7,"[""전신""]",둘다,14,32,48,,[3],0,1,1,1,
61,사이드 니업,옆구리 근육을 단련할 수 있는 운동.,보통,30,30,"[""복직근"",""대둔근"",""외복사근""]",,https://youtu.be/JCqZ2AyWmdY,,6.3,"[""코어""]",상체,30,60,90,,"[3,4]",1,1,1,0,
62,사이드 런지,전체적인 허벅지 근육과 협응력을 기를 수 있는 맨몸운동. 중둔근을 키우기에도 좋은 운동,보통,30,12,"[""대퇴사두근"",""대퇴이두근"",""비복근""]",,https://youtu.be/gaB3f-Ao8PI,,6.3,"[""허벅지""]",하체,12,27,40,,"[3,4]",1,1,1,0,
63,스탠딩 바이시클,무릎을 올려 복근을 자극하는 운동.,쉬움,30,20,"[""복직근"",""대둔근""]",,https://youtu.be/0_eOLAYQfy8,,5,"[""코어""]",상체,20,38,55,,"[3,4]",2,1,1,0,
64,스파이더맨 푸쉬업,가슴 근육뿐만 아니라 코어 근육까지 자극할 수 있는 운동.,힘듬,30,6,"[""복직근"",""외복사근""]",,https://youtu.be/2Zwu-A8HDJY,,7.5,"[""코어""]",상체,6,16,25,4,"[1,2,3,4]",1,1,1,0,
65,스플릿 스쿼트(L),"하체 근육을 강화하고 균형을 향상시키는 데 도움을 주며, 스포츠나 다양한 유형의 운동에 유용함",힘듬,30,18,"[""대퇴사두근"",""대둔근""]",,https://youtu.be/8ZSuRXLv3VM,,7.5,"[""허벅지""]",하체,18,40,56,,[3],1,1,1,1,
66,슬로우 버피,"일반적인 버피가 힘들때, 천천히 진행할 수 있는 운동",쉬움,30,4,"[""대흉근"",""상완 삼두근"",""전방 삼각근""]",,https://youtu.be/6PxNa3Q6D8c,,5,"[""가슴""]",상체,4,10,15,,"[3,4]",0,1,1,0,
67,시티드 니업,"의자, 바닥 등 어디에서도 할 수 있는 매우 간단한 복근 운동.",보통,30,19,"[""복직근""]",,https://youtu.be/tW-UVHZxclw,,6.3,"[""코어""]",상체,19,36,50,,"[3,4]",1,1,1,0,
68,와이드 스쿼트,일반 스쿼트보다 발 사이의 간격을 더 넓혀서 수행하는 스쿼트. 일반 스쿼트보다 복근과 허벅지 안쪽에 자극을 더 많이 느낄 수 있음,보통,30,10,"[""대둔근"",""내전근""]",,https://youtu.be/Kia-MbMkOfk,,6,"[""허벅지""]",하체,10,20,30,,"[3,4]",0,1,1,0,
69,와이드 푸쉬업,"푸쉬업을 시작하시는 분, 굽은 등이나 말린 어깨를 교정할 수 있는 운동",보통,30,8,"[""전방 삼각근"",""대흉근"",""상완 삼두근""]",,https://youtu.be/MF7GiFVqK3o,,6.3,"[""어깨""]",상체,8,16,32,2,"[1,2]",,1,1,0,
70,원 레그 힙 쓰러스트,엉덩이를 한 쪽씩 집중적으로 운동해서 자극을 주는 운동,보통,30,14,"[""대퇴사두근"",""대퇴이두근"",""대둔근""]",,https://youtu.be/9VbYp8ccNUM,,5,"[""허벅지""]",하체,14,30,42,,"[3,4]",0,1,1,0,
71,점프 스쿼트,스쿼트와 유산소운동의 효과를 함께 얻을 수 있는 운동. 기초체력증진과 체중감량에 탁월한 운동,힘듬,30,11,"[""대퇴사두근"",""대둔근"",""대퇴이두근"",""비복근""]",,https://youtu.be/gZSX6YYMDXs,,7,"[""코어""]",상체,11,25,38,,,0,1,1,0,
72,데드 버그 자세,"코어 근육 강화, 복부 군살 제가, 전신 스트레칭, 집중력 향상이 되는 운동",보통,30,14,"[""척추기립근"",""삼각근""]",,https://youtu.be/Vx1gmSZUUc4,,6.5,"[""코어""]",상체,14,30,45,,"[3,4]",3,1,1,0,
73,크로스 런지,엉덩이 근육을 집중적으로 자극시킬 수 있는 운동,힘듬,30,12,"[""대퇴사두근"",""비복근"",""대둔근""]",,https://youtu.be/irygFmarGLI,,7.5,"[""허벅지""]",하체,12,29,43,,"[3,4]",0,1,1,0,
74,V홀드,"V홀드는 주로 복근을 강화하는 운동입니다. 이 운동은 복부의 핵심 근육에 집중하여 근력을 증진시키고, 복부의 안정성을 향상시키며, 전반적인 핵심 근육의 균형을 개선하는 데 도움이 됩니다. 또한, V홀드는 균형 감각과 자세를 개선하는 데에도 효과적입니다.",힘듬,30,0,"[""복직근"",""복횡근""]",,https://youtu.be/WHClOgx-O1E,,8,"[""코어""]",상체,0,0,0,,"[3,4]",4,2,1,0,
75,YTW,"YTW 운동은 어깨 근육과 상부 등 근육을 강화하고, 자세를 개선하는 데 도움이 되는 운동입니다. 이 운동은 몸을 Y, T, W 형태로 움직여서 수행되며, 각각의 동작이 어깨와 등 근육에 다양한 자극을 제공합니다.",쉬움,30,0,"[""승모근"",""후방 삼각근""]",,https://youtu.be/qqdxK-WP2Xw,,5,,상체,0,0,0,,,,3,1,0,
76,게 걸음,"게 걸음 운동은 엉덩이와 허벅지의 외측 근육을 주로 강화하는 운동입니다. 이 운동은 중둔근을 키우고, 허벅지 근육을 발달시키며, 전반적인 자세 개선에도 도움을 줍니다. 또한, 게 걸음 운동은 하체의 균형과 안정성을 향상시키는 효과가 있어, 보행과 체력에 긍정적인 영향을 미칩니다.",보통,30,0,"[""대퇴 사두근"",""중둔근""]",,https://youtu.be/oiOVBuUSjr4,,6,"[""허벅지""]",하체,0,0,0,,,,3,1,0,
77,고관절 스트레칭(L),"고관절의 유연성을 증진시키고, 주변 근육의 긴장을 완화하는 운동입니다. 이 운동은 하체 순환과 균형을 개선하고, 일상 활동과 운동 성능을 향상시키는 데 도움이 됩니다.",,30,0,"[""고관절굴근"",""대둔근"",""중둔근""]",,https://youtu.be/QbTkjNIgEEs,,3,,하체,0,0,0,,,,3,1,1,
78,고양이 자세,"등과 척추의 유연성을 증진시키는 데 효과적인 운동입니다. 이 자세는 척추를 유연하게 만들고, 등 근육의 긴장을 풀어주며, 전반적인 체중 조절에 도움을 줍니다.",,30,0,"[""척추기립근"",""광배근""]",,https://youtu.be/M2fUIN1v_us,,3,,상체,0,0,0,,,,3,1,0,
79,맨몸 데드리프트,"하체와 하부 등 근육을 강화하는 운동입니다. 이 운동은 햄스트링, 엉덩이 근육, 그리고 하부 등 근육에 집중적인 자극을 제공하며, 균형 감각과 자세를 개선하는 데에도 도움이 됩니다. 맨몸 데드리프트는 특히 하체의 힘과 안정성을 증진시키는 데 효과적인 운동입니다.",쉬움,30,12,"[""대퇴이두근"",""대둔근"",""척추기립근"",""광배근""]",,https://youtu.be/_ipUryI9mMA,,5.5,"[""전신""]",둘다,12,24,48,,"[3,4]",3,1,1,0,
80,목 스트레칭,"목 근육의 긴장을 완화하고 유연성을 증진하는 데 도움을 주는 운동입니다. 이 스트레칭은 목과 어깨 주변의 근육을 이완시켜, 통증 완화와 자세 개선에 효과적입니다. 정기적인 목 스트레칭은 장시간 컴퓨터 작업이나 스마트폰 사용으로 인한 목의 뻣뻣함과 피로를 줄이는 데 유용합니다.",,30,0,"[""상부 승모근""]",,https://youtu.be/MsQ8el_jPHY,,3,,상체,0,0,0,,,,3,1,0,
81,발 뒤꿈치 터치,"측면 근육, 특히 복사근을 강화하는 운동입니다. 이 운동은 누워서 양쪽 발 뒤꿈치를 번갈아 닿으며 수행되어, 복부 측면의 근육을 활성화하고 강화하는 데 도움이 됩니다. 발 뒤꿈치 터치는 특히 복부의 탄력성과 근력을 향상시키는 데 효과적인 운동입니다.",보통,30,16,"[""복직근"",""외복사근""]",,https://youtu.be/Ln9_FaH0ljs,,6,"[""코어""]",상체,16,32,64,,,,3,1,0,
82,브릿지,"엉덩이와 하부 등 근육을 강화하는데 도움을 주는 운동입니다. 이 운동은 엉덩이를 들어올려서 수행되며, 특히 엉덩이 근육의 탄력을 증진시키고, 하부 척추를 안정화시키는 데 효과적입니다. 브릿지는 또한 하체 근력과 체력을 개선하며, 자세 교정에도 도움이 됩니다.",쉬움,30,0,"[""대둔근"",""고관절굴근"",""비복근""]",,https://www.youtube.com/watch?v=CTACbUBPRDI,,5,"[""힙""]",하체,0,0,0,,,,3,1,0,
83,사이드 레그 레이즈(L),"허벅지의 외측과 엉덩이 근육을 강화하는 운동입니다. 이 운동은 옆으로 누워 한쪽 다리를 올리고 내리며 수행되어, 특히 허벅지의 외측 근육과 엉덩이의 중둔근을 타겟으로 합니다. 사이드 레그 레이즈는 하체의 균형과 근력을 개선하는 데 효과적이며, 하체의 라인을 가꾸는 데에도 도움이 됩니다.",,30,14,"[""대퇴사두근"",""대둔근""]",,https://www.youtube.com/watch?v=CTACbUBPRDI,,5.5,"[""힙""]",하체,14,28,56,,,,3,1,1,
84,사이드 플랭크(L),"코어 근육, 특히 복부의 측면 근육과 어깨 근육을 강화하는 운동입니다. 이 자세는 몸을 옆으로 기울여 한쪽 팔로 몸을 지탱하면서 수행되며, 코어 근육의 안정성과 균형을 향상시키는 데 도움이 됩니다. 사이드 플랭크는 복사근을 포함한 복부 측면 근육과 어깨 근육을 강화하며, 전반적인 자세 개선에도 기여합니다.",힘듬,30,0,"[""복사근"",""복직근""]",,https://youtu.be/GiGGCFe5zOY,,7,"[""코어""]",상체,0,0,0,3,[1],,2,1,1,
85,서서 다리 대각선으로 들기(L),"엉덩이 근육을 강화하는 데에 초점을 맞춘 운동입니다. 이 운동은 서 있는 자세에서 한쪽 다리를 대각선 방향으로 들어 올리며 수행되어, 엉덩이 근육, 특히 중둔근과 소둔근에 강한 자극을 줍니다. 이 운동은 엉덩이 근육의 탄력과 근력을 증진시키고, 하체의 균형과 안정성을 향상시키는 데 효과적입니다.",쉬움,30,16,"[""대퇴사두근"",""대퇴이두근"",""비복근""]",,https://youtu.be/1L_GdZ_gplo,,5,"[""허벅지""]",하체,16,32,64,,,,3,1,1,
86,서서 다리 뒤로 들기(L),"엉덩이 근육과 햄스트링을 강화하는 운동입니다. 이 운동은 서 있는 자세에서 한쪽 다리를 뒤로 들어 올리며 수행되며, 엉덩이 근육에 집중적인 자극을 제공합니다. 또한, 이 운동은 하체의 균형과 안정성을 향상시키고, 하체 근육의 탄력성을 증진시키는 데에도 도움이 됩니다.",쉬움,30,16,"[""대둔근"",""척추기립근""]",,https://youtu.be/jEcZhfIhWTA,,5,"[""힙""]",하체,16,32,64,,,,3,1,1,
87,서서 다리 옆으로 들기(L),"엉덩이의 외측 근육과 허벅지의 측면 근육을 강화하는 운동입니다. 이 운동은 서 있는 자세에서 한쪽 다리를 옆으로 들어 올리며 수행되며, 특히 엉덩이의 중둔근과 허벅지의 외측 근육에 집중적인 자극을 제공합니다. 서서 다리 옆으로 들기는 하체 근력과 균형을 향상시키며, 하체의 근육 발달과 탄력을 증진시키는 데 효과적인 운동입니다.",쉬움,30,16,"[""중둔근"",""대퇴근막장근"",""대둔근"",""내전근""]",,https://youtu.be/rpa_PAFI6Bo,,5,"[""힙""]",하체,16,32,64,,,,3,1,1,
88,서서 안쪽 스트레칭(L),"허벅지의 내측 근육, 즉 내전근을 스트레칭하고 유연성을 증진시키는 운동입니다. 이 스트레칭은 서 있는 자세에서 한쪽 다리를 옆으로 뻗어 내전근을 이완시키며 수행됩니다. 이 운동은 허벅지 안쪽 근육의 긴장을 완화하고, 유연성을 향상시키며, 하체의 균형과 전반적인 움직임의 범위를 개선하는 데 도움이 됩니다.",,30,0,"[""대퇴이두근"",""고관절굴근""]",,https://www.youtube.com/watch?v=CTACbUBPRDI,,3,,하체,0,0,0,,,,3,1,1,
89,손목 스트레칭,손목 주변 근육과 힘줄의 긴장을 완화하고 유연성을 증진시키는 데 도움이 되는 운동입니다.,,30,0,"[""손목""]",,https://youtu.be/HxnNhMNR7eA,,3,,상체,0,0,0,,,,3,1,0,
90,슈퍼맨(L),"등 근육과 코어 근육을 강화하는 맨몸 운동입니다. 이 운동은 배를 대고 누운 자세에서 팔과 다리를 동시에 들어 올리며 수행됩니다. 슈퍼맨 운동은 특히 하부 등 근육을 강화하고, 척추 주변 근육의 안정성을 향상시키는 데 도움이 됩니다. 이 운동은 또한 전반적인 코어 근력을 강화하고, 자세 개선에도 기여할 수 있습니다.",쉬움,30,14,"[""척추 기립근""]",,https://www.youtube.com/watch?v=CTACbUBPRDI,,5,"[""등""]",상체,14,28,56,,,,3,1,1,
91,스쿼트 펄스(L),"전통적인 스쿼트 운동에 작은 펄스 동작을 추가한 변형으로, 허벅지와 엉덩이 근육을 집중적으로 강화하는 운동입니다. 이 운동은 스쿼트 자세를 유지하면서 하체를 약간 상하로 움직이며 펄스 동작을 수행합니다. 스쿼트 펄스는 특히 허벅지 전면과 엉덩이 근육에 지속적인 자극을 제공하여, 근육의 지구력을 향상시키고 탄력성을 증진시키는 데 효과적입니다.",보통,30,16,"[""대퇴사두근""]",,https://youtu.be/FOpIOjXLUxU,,6.3,"[""허벅지""]",하체,16,32,64,,[3],0,1,1,1,
92,어깨 스트레칭(L),"어깨 근육의 긴장을 완화하고 유연성을 증진시키는 운동입니다. 이 스트레칭은 어깨와 상부 등 근육을 이완시켜 통증과 뻣뻣함을 줄이며, 어깨 주변의 이동 범위를 향상시키는 데 도움이 됩니다. 정기적인 어깨 스트레칭은 자세를 개선하고, 어깨 관련 부상 예방에도 기여할 수 있습니다.",,30,0,"[""전방 삼각근"",""내측 삼각근"",""후방 삼각근""]",,https://youtu.be/3_1b0Gb2LIA,,3,"[""어깨""]",상체,0,0,0,,,,3,1,1,
93,오블리크 크런치(L),"크런치는 복부의 측면 근육, 즉 복사근을 강화하는 운동입니다. 이 운동은 복부의 회전 움직임을 포함하여, 특히 복부 측면의 근력을 증진시키고, 복근의 정의를 개선하는 데 효과적입니다. 오블리크 크런치는 코어 근육의 안정성을 향상시키며, 복부 전체의 근력 균형을 도모하는 데 도움이 됩니다.",보통,30,12,"[""복직근"",""외복사근"",""내복사근""]",,https://www.youtube.com/watch?v=CTACbUBPRDI,,6.3,"[""코어""]",상체,12,24,48,,,,3,1,1,
94,원 레그 플랭크(L),"표준 플랭크 운동에 한쪽 다리를 들어 올리는 동작을 추가하여 코어 근육을 강화하는 변형 운동입니다. 이 운동은 코어 근육뿐만 아니라, 엉덩이와 다리 근육에도 추가적인 자극을 제공합니다. 원 레그 플랭크는 특히 코어의 안정성과 균형을 향상시키며, 복부와 하체 근육의 조화로운 강화에 도움이 됩니다.",보통,30,14,"[""복직근"",""외복사근"",""내복사근"",""대퇴근"",""대흉근"",""삼각근""]",,https://youtu.be/rq-Rz56OfWI,,5,"[""코어""]",상체,14,28,56,3,[1],,2,1,1,
95,자벌레,"전신을 활성화시키고 코어 근육을 강화하는 운동입니다. 이 운동은 서 있는 자세에서 몸을 앞으로 굽혀 손을 바닥에 댄 후, 손을 앞으로 걷어 플랭크 자세를 취한 다음 다시 원래의 서 있는 자세로 돌아오는 과정을 반복합니다. 자벌레 운동은 코어 근육을 비롯하여 팔, 다리, 그리고 등 근육을 종합적으로 강화하며, 유연성과 균형 감각을 향상시키는 데에도 효과적입니다.",힘듬,30,8,"[""복직근"",""외복사근"",""내복사근""]",,https://youtu.be/ED6KrZ1-HKE,,7.5,"[""코어""]",상체,8,16,32,,,,3,1,0,
96,점핑잭,"전신을 활성화시키는 유산소 운동입니다. 이 운동은 팔과 다리를 동시에 움직이며 수행되어, 심장 박동수를 높이고 전신의 순환을 개선합니다. 점핑잭은 칼로리를 소모하고 체력을 증진시키는 데 효과적이며, 일상적인 운동 루틴에 활기를 더하는 데에도 유용합니다.",쉬움,30,18,"[""고관절굴근"",""삼각근""]",,https://www.youtube.com/watch?v=CTACbUBPRDI,,5,"[""전신""]",둘다,18,36,72,,,,3,1,0,
97,점핑잭 층간 소음없이,"전신을 활성화시키는 유산소 운동입니다. 이 운동은 팔과 다리를 동시에 움직이며 수행되어, 심장 박동수를 높이고 전신의 순환을 개선합니다. 점핑잭은 칼로리를 소모하고 체력을 증진시키는 데 효과적이며, 일상적인 운동 루틴에 활기를 더하는 데에도 유용합니다.",쉬움,30,16,"[""고관절굴근"",""삼각근""]",,https://www.youtube.com/watch?v=CTACbUBPRDI,,5,"[""전신""]",둘다,16,32,64,,,,3,1,0,
98,종아리 들기,"종아리 근육, 즉 비복근과 단복근을 강화하는 운동입니다. 이 운동은 서서 발뒤꿈치를 들어 올렸다 내리는 단순한 동작을 반복하여 수행되며, 종아리 근육의 힘과 탄력을 증진시키는 데 효과적입니다. 종아리 들기는 하체 순환을 개선하고, 발목의 안정성을 향상시키며, 균형 감각을 개선하는 데에도 도움이 됩니다.",,30,20,"[""비복근""]",,https://youtu.be/5rWRie6jLc8,,3.5,"[""전신""]",하체,20,40,60,,,,3,1,0,
99,줄넘기 없이 줄넘기,"실제 줄넘기를 사용하지 않고 줄넘기 동작을 흉내내는 운동입니다. 이 운동은 팔을 가볍게 돌리면서 발뒤꿈치를 번갈아 들어 올리는 동작을 포함합니다. 줄넘기 없이 줄넘기는 심박수를 높이고, 전신의 순환을 개선하는 유산소 운동으로, 실제 줄넘기 운동과 유사한 칼로리 소모와 체력 증진 효과를 제공합니다. 이 운동은 공간이 제한적이거나 줄넘기 사용이 어려운 환경에서도 쉽게 실시할 수 있습니다.",쉬움,30,25,"[""고관절굴근"",""삼각근"",""복직근""]",,https://www.youtube.com/watch?v=CTACbUBPRDI,,5,"[""전신""]",둘다,25,50,100,,,,3,1,0,
100,쿼드 스트레칭(L),"허벅지 전면의 근육, 즉 대퇴사두근(쿼드리셉스)을 이완시키고 유연성을 증진시키는 운동입니다. 이 스트레칭은 서 있는 자세에서 한쪽 발목을 잡고 엉덩이 쪽으로 당겨 수행되며, 허벅지 전면 근육의 긴장을 완화하고, 근육의 이동 범위를 향상시킵니다. 쿼드 스트레칭은 특히 장시간 앉아 있거나 강도 높은 하체 운동 후에 효과적으로 근육을 이완시키는 데 도움이 됩니다.",,30,0,"[""대퇴사두근"",""비복근""]",,https://youtu.be/Y9lKmebbWP0,,3,,하체,0,0,0,,,,3,1,1,
101,크런치,"복근을 강화하는 기본적인 운동으로, 주로 상부 복근에 집중합니다. 이 운동은 누운 자세에서 상체를 일으켜 복근에 긴장을 주며 수행됩니다. 크런치는 복부 근육의 탄력을 증진시키고, 복근의 정의를 개선하는 데 효과적이며, 코어 근력을 강화하는 데에도 도움이 됩니다.",보통,30,14,"[""복직근"",""복사근""]",,https://www.youtube.com/watch?v=CTACbUBPRDI,,6,"[""코어""]",상체,14,28,56,,,,3,1,0,
102,크로스 오버 토터치,"복부의 측면 근육과 햄스트링을 동시에 강화하는 운동입니다. 이 운동은 서 있는 자세에서 상체를 앞으로 구부리고, 반대쪽 손으로 반대쪽 발의 발가락을 터치하는 동작을 수행합니다. 크로스 오버 토터치는 복부 측면과 하체 후면 근육에 집중적인 스트레칭과 강화 효과를 제공하며, 유연성과 균형 감각을 향상시키는 데에도 도움이 됩니다.",힘듬,30,14,"[""복직근"",""외복사근""]",,https://www.youtube.com/watch?v=CTACbUBPRDI,,7.5,"[""코어""]",상체,14,28,56,,,,3,1,0,
103,사이드 킥백(L),"엉덩이와 허벅지의 외측 근육을 강화하는 운동입니다. 이 운동은 네 발기기 자세에서 한쪽 다리를 옆으로 들어 올리며 수행되며, 특히 엉덩이의 중둔근과 소둔근에 집중적인 자극을 제공합니다. 파이어 하이드란트는 엉덩이 근육의 탄력을 증진시키고, 하체의 균형과 안정성을 향상시키는 데 효과적인 운동입니다.",보통,30,14,"[""고관절굴근"",""중둔근"",""소둔근""]",,https://www.youtube.com/watch?v=CTACbUBPRDI,,6,"[""힙""]",하체,14,28,56,,,,3,1,1,
104,풀 플랭크,"코어 근육을 포함한 전신 근육을 강화하는 기본적인 맨몸 운동입니다. 이 운동은 몸을 곧게 펴고, 팔꿈치가 아닌 손바닥으로 바닥을 지탱하며 수행됩니다. 풀 플랭크는 복부 근육, 등 근육, 어깨, 팔, 그리고 다리 근육에 동시에 작용하여, 전반적인 근력과 코어 안정성을 향상시키는 데 효과적입니다. 이 운동은 또한 체력과 균형 감각을 개선하는 데에도 도움이 됩니다.",쉬움,30,0,"[""대퇴사두근"",""상부승모근"",""삼각근""]",,https://www.youtube.com/watch?v=CTACbUBPRDI,,5,"[""허벅지""]",하체,0,0,0,,,,3,1,0,
105,프랭크 레이즈,"표준 플랭크 운동에 한쪽 팔 또는 다리를 들어올리는 동작을 추가한 변형 운동입니다. 이 운동은 코어 근육을 강화하는 동시에 균형 감각과 안정성을 향상시킵니다. 플랭크 레이즈는 한쪽 팔이나 다리를 들어올림으로써 추가적인 도전을 제공하며, 이를 통해 복부, 등, 엉덩이, 그리고 다리 근육에 더 강한 자극을 줍니다. 이 운동은 전반적인 코어 근력을 강화하고, 몸의 균형과 조정 능력을 개선하는 데에 효과적입니다.",힘듬,30,12,"[""대흉근"",""삼두근"",""복직근"",""전거근"",""광배근""]",,https://youtu.be/rhXZaDddnho,,7,"[""코어""]",상체,12,24,48,3,"[1,2]",,1,중복삭제,,삭제완료
106,플랭크 숄더 탭,"표준 플랭크 운동에 어깨를 번갈아 탭하는 동작을 추가한 변형 운동입니다. 이 운동은 코어 근육을 강화하고 상체의 안정성을 향상시키며, 어깨 근육에도 자극을 제공합니다. 플랭크 숄더 탭은 코어의 근력과 조정 능력을 증진시키고, 균형 감각을 개선하는 데 효과적이며, 전반적인 체력과 근력을 강화하는 데에도 도움이 됩니다.",보통,30,16,"[""복직근"",""대흉근"",""삼각근""]",,https://youtu.be/6aLNkT1F3hw,,6,"[""코어""]",상체,16,32,64,3,"[1,2]",,1,2,0,
107,플랭크,"코어 근육을 강화하는 기본적인 맨몸 운동입니다. 이 운동은 몸을 곧게 펴고, 팔꿈치와 발끝으로 체중을 지탱하며 수행됩니다. 플랭크는 복부, 등, 어깨, 팔, 그리고 다리 근육에 동시에 작용하여, 전반적인 근력과 코어 안정성을 향상시키는 데 효과적입니다. 또한, 이 운동은 체력과 균형 감각을 개선하는 데에도 도움이 됩니다.",보통,30,0,"[""복직근"",""복횡근"",""척추기립근""]",,https://youtu.be/LLm_pT-pYIc,,6,"[""코어""]",상체,0,0,0,3,"[1,2]",,2,1,0,
108,플랭크 다리 올리기(L),"기본 플랭크 자세에서 한쪽 다리를 번갈아 올리는 동작을 추가하여 코어 근육과 하체 근육을 강화하는 운동입니다. 이 변형은 코어의 안정성을 향상시키는 동시에, 엉덩이와 햄스트링에 추가적인 자극을 제공합니다. 플랭크 다리 올리기는 복부 근력을 증진시키고, 하체 근육의 균형과 조정 능력을 개선하는 데 효과적인 운동입니다.",힘듬,30,16,"[""복직근"",""대퇴사두근"",""대퇴이두근"",""비복근""]",,https://www.youtube.com/watch?v=CTACbUBPRDI,,7,"[""코어""]",상체,16,32,64,,,,3,1,1,
109,허리 스트레칭,"허리와 등 근육의 긴장을 완화하고 유연성을 증진시키는 데 도움이 되는 운동입니다. 이 스트레칭은 허리 주변의 근육을 이완시켜 통증과 뻣뻣함을 줄이고, 척추의 이동 범위를 향상시키는 데 효과적입니다. 정기적인 허리 스트레칭은 장시간 앉아 있는 생활 방식으로 인한 허리 통증을 완화하고, 전반적인 자세를 개선하는 데에도 도움이 됩니다.",,30,0,"[""복직근"",""상완삼두근"",""완요골근""]",,https://youtu.be/Gt8SxRySFHk,,3,,상체,0,0,0,,,,3,1,0,
110,허벅지 안쪽 스트레칭(L),"허벅지의 내측 근육, 즉 내전근을 이완시키고 유연성을 증진시키는 운동입니다. 이 스트레칭은 허벅지 안쪽 근육의 긴장을 완화하고, 이동 범위를 향상시키며, 하체의 균형과 전반적인 움직임을 개선하는 데 도움이 됩니다. 허벅지 안쪽 스트레칭은 특히 장시간 앉아 있거나 강도 높은 하체 운동 후에 근육을 효과적으로 이완시키는 데 유용합니다.",,30,0,"[""대퇴사두근"",""대퇴이두근"",""비복근""]",,https://youtu.be/pyNhm_4iJIo,,3,,하체,0,0,0,,,,3,1,1,
111,디클라인 맨몸 푸쉬업,"기본 푸쉬업의 변형으로, 하체가 상체보다 높은 위치에 있을 때 수행하는 운동입니다. 이 운동은 특히 가슴의 하부 근육과 어깨, 그리고 삼두근에 강한 자극을 제공합니다. 디클라인 맨몸 푸쉬업은 가슴 근육의 전체적인 발달을 촉진하고, 상체의 근력과 안정성을 강화하는 데 효과적인 운동입니다. 이 운동은 상체 근육의 조화로운 강화와 체력 향상에도 도움이 됩니다.",보통,30,16,"[""대흉근"",""상완 삼두근"",""전방 삼각근""]",,https://youtu.be/TDVfnaCqJvE,,4,"[""가슴""]",상체,16,32,64,3,"[1,2]",,1,1,0,
112,다이아몬드 푸쉬업,"표준 푸쉬업의 변형으로, 손가락을 서로 가까이 대고 다이아몬드 모양을 만들며 수행하는 운동입니다. 이 운동은 특히 삼두근과 가슴 근육의 중앙 부분에 강한 자극을 제공합니다. 다이아몬드 푸쉬업은 삼두근의 강화와 가슴 근육의 조화로운 발달을 촉진하며, 상체의 전반적인 근력과 안정성을 향상시키는 데 효과적인 운동입니다.",힘듬,30,10,"[""상완 삼두근"",""대흉근"",""전방 삼각근""]",,https://youtu.be/IOnwJGOrOnk,,4.5,"[""팔&가슴""]",상체,10,20,40,0,"[1,2]",,1,1,0,
113,프라울러 푸쉬업,"기본 푸쉬업에 프라울러(앞으로 팔을 뻗어 체중을 이동시키는 동작)을 결합한 고급 운동입니다. 이 운동은 상체 근력, 특히 가슴, 어깨, 삼두근을 강화하며, 코어 근육과 하체의 안정성에도 도전합니다. 프라울러 푸쉬업은 상체와 코어의 근력을 증진시키고, 전신의 조정 능력과 체력을 개선하는 데 효과적인 운동입니다.",힘듬,30,8,"[""대흉근"",""상완 삼두근"",""복직근"",""척추기립근""]",,https://youtu.be/3KU8cviQXFQ,,5,"[""가슴""]",상체,8,16,32,2,"[1,2]",,1,1,0,
114,그랜마 푸쉬업,"표준 푸쉬업의 간소화된 형태로, 무릎을 대고 수행하는 운동입니다. 이 운동은 상체의 근력을 강화하는데 도움이 되며, 특히 가슴, 어깨, 삼두근에 자극을 제공합니다. 무릎 푸쉬업은 표준 푸쉬업보다 부담이 적어 초보자나 상체 근력이 약한 사람들에게 적합하며, 상체 근육의 기초력을 쌓는 데 효과적인 운동입니다.",쉬움,30,18,"[""대흉근"",""상완 삼두근""]",,https://youtu.be/dasngu70oOU,,2,"[""가슴""]",상체,18,36,72,1,"[1,2]",,1,1,0,
115,타올 풀 업,"등 근육과 팔 근육을 강화하는 맨몸 운동입니다. 이 운동은 바닥에 엎드린 자세에서 손에 타올을 잡고, 타올을 당기는 듯한 동작을 수행하며 등과 팔의 근육을 사용합니다. 엎드려서 하는 타올 풀업은 특히 상부 등 근육과 삼두근을 타겟으로 하며, 등 근육의 강화와 팔의 근력을 증진시키는 데 효과적인 운동입니다. 이 운동은 풀업 바가 없는 환경에서 등 근육을 강화하고자 할 때 유용합니다.",보통,30,15,"[""광배근"",""승모근"",""후방 삼각근""]",,https://youtu.be/tdok1jBH0Mk,,4.5,"[""등""]",상체,15,30,60,1,"[1,2]",,1,1,0,
116,보트 리프트,"등 근육과 코어 근육을 강화하는 맨몸 운동입니다. 이 운동은 바닥에 엎드린 자세에서 팔과 다리를 동시에 들어 올리는 동작을 수행합니다. 엎드려서 하는 보트 리프트는 하부 등 근육과 코어 근육에 집중적인 자극을 제공하며, 척추 주변 근육의 안정성을 향상시키는 데 도움이 됩니다. 이 운동은 또한 전반적인 자세 개선과 근력 증진에도 기여할 수 있습니다.",보통,30,14,"[""극하근"",""대둔근"",""대퇴이두근""]",,https://www.youtube.com/watch?v=CTACbUBPRDI,,3,"[""등""]",둘다,14,28,56,,,,3,1,0,
117,버터플라이,"상부 등 근육과 어깨 근육을 강화하는 맨몸 운동입니다. 이 운동은 바닥에 엎드린 자세에서 팔을 양옆으로 벌리고, 어깨와 등 근육을 사용하여 팔을 위로 들어 올리는 동작을 수행합니다. 엎드려서 하는 버터플라이는 상부 등 근육과 어깨 근육에 집중적인 자극을 제공하며, 등 근육의 탄력을 증진시키고, 전반적인 자세를 개선하는 데에도 도움이 됩니다. 이 운동은 특히 어깨의 이동 범위를 확장하고 근육의 균형을 개선하는 데 효과적입니다.",보통,30,12,"[""광배근"",""승모근"",""후방 삼각근""]",,https://www.youtube.com/watch?v=CTACbUBPRDI,,3,"[""등""]",상체,12,24,48,,,,3,1,0,
118,Rocking Leaf,"등 근육과 코어 근육을 강화하며 유연성을 향상시키는 맨몸 운동입니다. 이 운동은 바닥에 엎드린 자세에서 상체와 하체를 동시에 들어 올려 '바닥에서의 락킹(흔들리는)' 동작을 수행합니다. Rocking Leaf는 하부 등 근육과 코어 근육에 자극을 주며, 척추 주변 근육의 안정성과 유연성을 향상시키는 데 도움이 됩니다. 이 운동은 또한 자세 개선과 전신 근력 증진에도 기여할 수 있습니다.",보통,30,12,"[""척추기립근"",""대둔근"",""대퇴이두근""]",,https://www.youtube.com/watch?v=CTACbUBPRDI,,4,"[""등""]",둘다,12,24,48,,,,3,1,0,
119,맨몸 렛풀다운,"등 근육을 중점적으로 강화하는 맨몸 운동입니다. 이 운동은 바닥에 엎드린 자세에서 상체를 살짝 들어 올리고, 팔을 앞으로 뻗은 후 가슴 방향으로 당기는 동작을 반복합니다. 엎드려서 하는 맨몸 렛풀다운은 특히 상부 등 근육과 삼두근에 자극을 제공하며, 등 근육의 강화와 자세 개선에 도움이 됩니다. 이 운동은 풀업 바가 없는 환경에서 등 근육을 효과적으로 강화하는 대안으로 사용될 수 있습니다.",보통,30,14,"[""광배근"",""승모근"",""후방 삼각근""]",,https://www.youtube.com/watch?v=wdcyG6PWMak,,3,"[""등""]",상체,14,28,56,1,"[1,2]",,1,1,0,
120,견갑골 푸쉬업,"견갑골 주변 근육을 강화하고 이동 범위를 향상시키는 맨몸 운동입니다. 이 운동은 표준 푸쉬업 자세를 취한 후, 팔을 곧게 유지하면서 견갑골을 모으고 펴는 동작을 중점적으로 수행합니다. 견갑골 푸쉬업은 어깨 주변 근육의 안정성을 향상시키고, 어깨의 이동 범위를 개선하며, 상체의 전반적인 근력과 자세를 개선하는 데 도움이 됩니다. 이 운동은 특히 어깨 관련 부상 예방과 재활에 유용합니다.",보통,30,16,"[""승모근"",""견갑하근""]",,https://www.youtube.com/watch?v=CTACbUBPRDI,,3,"[""등""]",상체,16,32,64,,,,3,1,0,
121,플랭크 로우,"플랭크 자세를 기반으로 한쪽 팔로 로우 동작을 수행하는 운동입니다. 이 운동은 코어 근육뿐만 아니라, 상체, 특히 등 근육과 팔 근육을 강화합니다. 플랭크 로우는 팔꿈치를 구부려 한쪽 손을 가슴 쪽으로 당기는 동작을 포함하며, 이를 통해 코어의 안정성을 유지하면서 등과 어깨 근육에 자극을 줍니다. 이 운동은 코어 근육의 균형과 조정 능력을 증진시키고, 상체 근력을 강화하는 데 효과적입니다.",보통,30,14,"[""광배근"",""삼각근"",""승모근"",""복직근"",""복사근""]",,https://youtu.be/7vwb5xwCPTo,,3,"[""등""]",상체,14,28,56,1,"[1,2]",,1,2,0,
122,Seated Towel Row (앉아서 수건 당기기),"앉은 자세에서 수건을 이용해 수행하는 등 근육 강화 운동입니다. 이 운동은 견고한 물체(예: 문손잡이)에 수건을 걸고, 앉아서 수건 양 끝을 잡은 후 몸을 뒤로 당기는 동작을 반복합니다. Seated Towel Row는 주로 상부 및 중부 등 근육, 특히 광배근과 삼두근을 타겟으로 하며, 등의 근력을 증진시키고, 어깨의 안정성을 향상시키는 데 도움이 됩니다. 이 운동은 집이나 제한된 공간에서도 쉽게 할 수 있어, 효과적인 맨몸 훈련 방법 중 하나입니다.",보통,30,12,"[""광배근"",""승모근"",""이두근"",""후방 삼각근""]",,https://youtu.be/fquNH1VBsbs,,5,"[""등""]",둘다,12,24,48,1,"[1,2]",,1,1,0,
123,상체 당기기,"등과 상체 근육을 강화하는 맨몸 운동입니다. 이 운동은 바닥에 누워서 자세를 취한 후, 상체를 들어 올려서 등을 사용하여 상체를 바닥에서 멀리 들어 올리는 동작을 수행합니다. Body Pull은 상부 등 근육과 상체 근육을 강화하며, 등의 근력과 안정성을 향상시키는 데 도움을 줍니다. 이 운동은 표준 풀업 또는 철봉이 없는 환경에서 등 근육을 효과적으로 강화하는 대안으로 사용될 수 있습니다.",힘듬,30,8,"[""광배근"",""승모근"",""이두근"",""후방 삼각근""]",,https://youtu.be/wc2xACM9YTM,,5,"[""등""]",상체,8,16,32,1,"[1,2]",,1,1,0,
124,아쳐 푸쉬업,"푸쉬업의 변형 운동 중 하나로, 상체 한쪽을 다른 쪽으로 이동시키면서 수행하는 운동입니다. 이 운동은 가슴, 어깨, 삼두근의 근육을 강화하는 데 중점을 두며, 코어 근육과 상체의 균형을 개선합니다.",힘듬,30,8,"[""대흉근"",""삼두근"",""전방 삼각근""]",,https://youtu.be/wCiSKj8CGKQ,,7,"[""가슴""]",상체,8,16,32,0,"[1,2]",,1,2,0,
125,파이크 푸쉬업,"어깨 근육을 중점적으로 강화하는 맨몸 운동입니다. 이 운동은 표준 푸쉬업과 비슷한 자세로 시작하지만, 엉덩이를 높이 들어 올리는 파이크 자세로 몸을 조절합니다. 그 후 상체를 내려서 어깨 근육을 사용하여 상체를 들어 올리는 동작을 반복합니다. 파이크 푸쉬업은 어깨, 삼두근, 상체의 상부 근육에 집중적인 자극을 제공하며, 상체 근력과 안정성을 향상시키는 데 도움이 됩니다. 또한 표준 푸쉬업보다 더 많은 어깨 근육을 사용하므로 어깨 강화에 효과적인 운동 중 하나입니다.",힘듬,30,8,"[""전방 삼각근"",""삼두근"",""대흉근""]",,https://youtu.be/VCIKvXsxngI,,7,"[""등""]",상체,8,16,32,3,"[1,2]",,1,1,0,
126,TY레이즈,"어깨 근육을 강화하는 운동 중 하나입니다. 이 운동은 주로 어깨의 후면 부분을 목표로 하는데, 후면 어깨 근육을 효과적으로 강화하는 데 사용되는 운동입니다.",쉬움,30,14,"[""승모근"",""후방삼각근""]",,https://youtu.be/Pya9BvipDR4,,3,"[""등""]",상체,14,28,56,,,,3,1,0,
127,HALF BURPEES (하프 버피),"전신 운동으로, 근력 강화와 심폐 지구력 향상에 도움을 주는 운동입니다. 팔굽혀펴기를 제외한 버피 동작을 수행하여 하체와 코어 근육을 강화하며, 빠른 속도로 반복하면 심폐 기능을 향상시키고 칼로리를 소모하여 체중 감량에 도움이 됩니다. 이 운동은 전신을 활용하여 효과적인 운동을 원하는 분들에게 적합합니다.",보통,30,12,"[""복직근"",""대퇴사두근"",""대둔근"",""전방 삼각근""]",,https://youtu.be/NIoGFghKr-E,,4,"[""전신""]",둘다,12,24,48,,"[3,4]",1,1,1,0,
128,좌우 푸쉬업 (SIDE TO SIDE) ,"전신 근육을 강화하는 운동으로, 가슴, 어깨, 삼두, 그리고 코어 근육을 동시에 다룹니다. 이 운동은 푸쉬업 동작 중 상체를 한 쪽으로 이동하는 독특한 동작을 통해 다양한 근육을 타겟으로 하며, 균형과 안정성을 향상시키는 데 도움이 됩니다. 이 운동을 통해 전신 강화와 균형 향상을 목표로 할 수 있습니다.",보통,30,10,"[""대흉근"",""삼두근"",""전방 삼각근""]",,https://youtu.be/DgkcQl-3zoc,,4,"[""가슴""]",상체,10,20,40,2,"[1,2]",,1,1,0,
129,엎드려서 후면 스트레칭(L),팔을 사용하여 등과 어깨 후면 근육을 스트레칭하는 운동입니다. 이 운동을 통해 근육의 긴장을 완화하고 유연성을 향상시킬 수 있습니다.,쉬움,30,0,"[""승모근"",""후면 삼각근""]",,https://youtu.be/tch8DiLvo14,,3,,상체,0,0,0,,,,3,1,1,
130,발목 돌려주기(L),발목 근육과 관절을 회전시켜 유연성을 높이는 운동입니다. 각 발목을 시계 방향과 반시계 방향으로 회전시켜 유연성을 향상시킬 수 있습니다.,쉬움,30,0,,,https://youtu.be/W78AJsPVX0k,,3,,하체,0,0,0,,,,3,1,1,
131,무릎 돌려주기,다리와 무릎을 스트레칭하는 운동입니다. 이로써 다리 근육과 무릎의 유연성을 향상시킬 수 있습니다.,쉬움,30,0,"[""무릎""]",,https://youtu.be/5QA4R7HO0XQ,,3,,하체,0,0,0,,,,3,1,0,
132,짧게 다리 펴주기(L),"한쪽 다리를 앞으로 뻗고 상체를 부드럽게 숙여 다리 뒤쪽의 햄스트링 근육을 효과적으로 늘려줍니다. 이 간단한 스트레칭은 다리 근육의 유연성을 증진시키고 긴장을 완화하는 데 도움을 줍니다, 특히 일상적인 활동에서 발생할 수 있는 근육 뻣뻣함과 불편함을 줄이는 데 이상적입니다.",,30,0,"[""대퇴이두근""]",,https://youtu.be/pekVd6wH8DA,,3,,하체,0,0,0,,,,3,1,1,
133,깊게 다리 펴주기(L),"한쪽 다리를 앞으로 뻗고 상체를 부드럽게 숙여 다리 뒤쪽의 햄스트링 근육을 효과적으로 늘려줍니다. 이 간단한 스트레칭은 다리 근육의 유연성을 증진시키고 긴장을 완화하는 데 도움을 줍니다, 특히 일상적인 활동에서 발생할 수 있는 근육 뻣뻣함과 불편함을 줄이는 데 이상적입니다.",,30,0,"[""대퇴이두근""]",,https://youtu.be/on6GPTNhEM0,,3,,하체,0,0,0,,,,3,1,1,
134,몸통 비틀기(L),"허벅지의 내측 근육인 대내전근을 타겟으로 한 효과적인 스트레칭입니다. 사용자는 이 스트레칭을 통해 허벅지 내측의 근육을 부드럽게 늘려, 근육의 유연성을 증진시키고, 긴장을 완화할 수 있습니다. 이 스트레칭은 하체의 움직임 범위를 개선하고, 특히 하체를 많이 사용하는 운동이나 활동에서 발생할 수 있는 부상 위험을 줄이는 데에도 도움이 됩니다/",,30,0,"[""대내전근""]",,https://youtu.be/O3euM0g-OAQ,,3,,하체,0,0,0,,,,3,1,1,
135,앞굽이 자세(L),"발목과 하부 다리의 근육, 특히 종아리 근육에 집중적인 스트레칭을 제공합니다. 사용자는 이 스트레칭을 통해 종아리의 근육을 효과적으로 늘려, 근육의 유연성을 향상시키고 긴장을 완화할 수 있습니다. 이 운동은 하체 순환을 촉진하고, 장시간 서 있거나 걷는 활동 후에 발생할 수 있는 뻣뻣함과 불편함을 감소시키는 데 탁월합니다. 또한, 종아리 근육을 강화하고 발목의 안정성을 개선하는 데도 도움을 줍니다.""",,30,0,"[""비복근""]",,https://youtu.be/g5W6rBHzTiM,,3,,하체,0,0,0,,,,3,1,1,
136,사선 몸통 기울이기(L),"상체의 전면과 측면 근육을 동시에 늘려주는 운동입니다. 사용자는 이 스트레칭을 통해 가슴의 전거근과 옆구리의 외복사근을 부드럽게 스트레칭하며, 이는 상체의 유연성을 향상시키고 근육의 긴장을 해소하는 데 효과적입니다. 이 운동은 특히 상체를 자주 사용하는 일상 활동이나 운동 후 근육이 뻣뻣해졌을 때, 근육의 이완과 움직임 범위 개선에 도움을 줍니다. 또한, 상체의 균형과 자세 개선에도 기여합니다.",,30,0,,,https://www.youtube.com/watch?v=CTACbUBPRDI,,3,,상체,0,0,0,,,,3,1,1,
137,누워서 고관절 스트레칭(L),"고관절 주변 근육과 인대에 집중하는 이완 운동입니다. 사용자는 누운 자세에서 한쪽 다리를 가슴 쪽으로 당기고, 반대쪽 다리는 바닥에 평평하게 유지하면서 고관절과 주변 근육을 부드럽게 스트레칭합니다. 이 스트레칭은 고관절의 유연성을 향상시키고, 하체 근육의 긴장을 완화하는 데 도움을 줍니다. 특히 앉아 있는 생활이 많거나 하체를 많이 사용하는 운동을 하는 사람들에게 권장되며, 하체의 움직임 범위를 넓히고, 하체 및 골반의 균형을 개선하는 데에도 유익합니다.""",,30,0,"[""고관절""]",,https://youtu.be/fTD_irSifKo,,3,,하체,0,0,0,,,,3,1,1,
138,흉추 스트레칭(L),"상체 중앙 부위인 흉추의 유연성을 개선하고 긴장을 완화하는데 중점을 둔 운동입니다. 사용자는 이 스트레칭을 통해 흉추 주변 근육과 인대를 부드럽게 늘려, 상체의 유연성을 향상시키고 등의 긴장을 해소할 수 있습니다. 이 스트레칭은 장시간 앉아 있거나 컴퓨터 작업을 많이 하는 사람들에게 특히 유용하며, 자세 개선과 통증 감소에 도움을 줍니다. 또한, 호흡이나 상체 움직임에 필요한 근육의 움직임 범위를 넓히는 데에도 기여합니다.",,30,0,"[""흉추""]",,https://youtu.be/Od-rqO4WOpE,,3,,상체,0,0,0,,,,3,1,1,
139,힙 스트레칭(L),"엉덩이 근육, 특히 엉덩이의 큰 근육군인 대둔근과 중둔근에 초점을 맞춘 스트레칭입니다. 사용자는 이 스트레칭을 통해 엉덩이 주변의 근육을 부드럽게 늘려, 근육의 유연성을 증진시키고 긴장을 완화할 수 있습니다. 이 운동은 특히 장시간 앉아 있는 생활 방식이나 하체를 많이 사용하는 운동 후에 엉덩이 근육이 뻣뻣해질 때 매우 유용하며, 하체의 움직임 범위를 개선하고 골반 및 척추의 균형을 조정하는 데에도 도움을 줍니다.",,30,0,"[""대둔근""]",,https://youtu.be/kWlo8MgPJlI,,3,,하체,0,0,0,,,,3,1,1,
140,햄스트링 스트레칭(L),"바닥에 앉은 자세에서 한쪽 다리를 뻗고 상체를 천천히 앞으로 숙여, 다리 뒤쪽 햄스트링 근육에 깊은 스트레칭을 제공합니다. 이 운동은 햄스트링의 유연성을 향상시키고, 근육의 긴장과 뻣뻣함을 완화하는데 효과적이며, 하체의 움직임 범위를 개선하고, 일상 생활이나 다른 운동 활동 중 발생할 수 있는 부상을 예방하는 데 도움을 줍니다.",,30,0,"[""대퇴이두근""]",,https://youtu.be/e8HvaxK1QsM,,3,,하체,0,0,0,,,,3,1,1,
141,힙 스트레칭 누워서(L),"바닥에 누운 자세에서 엉덩이 근육을 깊게 스트레칭하는 운동입니다. 이 스트레칭은 특히 대둔근과 중둔근을 타겟으로 하여, 엉덩이와 하체의 긴장을 완화하고 유연성을 증진시킵니다. 사용자는 한쪽 무릎을 가슴 쪽으로 당기고 반대쪽 다리는 바닥에 뻗어, 엉덩이 주변 근육에 집중적인 스트레칭을 제공합니다. 이 스트레칭은 장시간 앉아 있는 생활로 인해 발생할 수 있는 엉덩이의 뻣뻣함과 불편함을 해소하는데 효과적이며, 하체의 움직임 범위와 전반적인 균형을 개선하는 데에도 유익합니다.",,30,0,"[""대둔근""]",,https://youtu.be/poq2_hv5S1A,,3,,하체,0,0,0,,,,3,1,1,
142,맨몸 프론트 레터럴 레이즈,"어깨 근육, 특히 전면과 측면 어깨 근육을 강화하는 맨몸 운동입니다. 사용자는 팔을 양 옆이나 앞으로 부드럽게 들어 올리며, 어깨 근육에 집중적인 자극을 제공합니다. 이 운동은 추가 장비 없이도 어깨의 근력과 안정성을 향상시키며, 상체의 전반적인 균형과 자세를 개선하는 데 도움을 줍니다. 특히 상체의 근력이 약한 초보자나 맨몸 운동을 선호하는 사람들에게 적합합니다.",쉬움,30,0,"[""전방 삼각근""]",,https://www.youtube.com/watch?v=CTACbUBPRDI,,3,"[""어깨""]",상체,0,0,0,,,,3,1,0,
143,맨몸 사이드 레터럴 레이즈,"어깨 근육, 특히 어깨의 측면을 강화하는 운동입니다. 사용자는 팔을 옆으로 부드럽게 들어 올리면서 어깨의 측면 근육에 집중적인 자극을 제공합니다. 이 운동은 어깨 근육의 균형과 톤을 개선하는 데 효과적이며, 추가 장비 없이도 상체의 힘과 안정성을 향상시키는 데 도움을 줍니다. 맨몸으로 수행되는 이 운동은 어깨의 이동 범위를 넓히고, 전체적인 상체 자세를 개선하는 데에도 기여합니다.",쉬움,30,0,"[""측면 삼각근""]",,https://youtu.be/xTN2XhkqnbE,,3,"[""어깨""]",상체,0,0,0,,,,3,1,0,
144,크로즈 그립 푸쉬업,"가슴과 삼두근, 그리고 코어 근육을 집중적으로 강화하는 맨몸 운동입니다. 이 운동은 손을 가슴 바로 아래에 두고 손바닥을 서로 가깝게 배치함으로써, 표준 푸쉬업보다 더욱 강한 자극을 가슴의 중앙 부분과 삼두근에 제공합니다. 크로즈 그립 푸쉬업은 상체의 근력과 안정성을 향상시키는 데 도움을 주며, 상체 근육의 조화로운 발달과 체력 증진에 효과적입니다. 또한, 코어 근육을 안정적으로 유지하는 능력도 개선하는 데 도움이 됩니다.",보통,30,8,"[""삼두근"",""대흉근"",""전거근""]",,https://youtu.be/rjXNpd02GBU,,4,"[""가슴""]",상체,8,16,32,0,"[1,2]",,1,1,0,
145,무릎 대고 크로즈 그립 푸쉬업,"표준 크로즈 그립 푸쉬업의 초보자용 변형으로, 가슴 중앙과 삼두근을 대상으로 하는 맨몸 운동입니다. 이 운동은 무릎을 바닥에 대고 수행함으로써 상체에 가해지는 부담을 줄이면서 가슴과 삼두근에 집중적인 자극을 제공합니다. 무릎 대고 수행하는 크로즈 그립 푸쉬업은 상체 근력이 아직 완전히 발달하지 않은 초보자나 부상 회복 중인 사람들에게 이상적이며, 점차적으로 상체의 근력과 안정성을 향상시키는 데 도움을 줍니다. 이 운동은 코어와 상체 근육의 균형을 개선하는 데에도 기여합니다.",쉬움,30,12,"[""삼두근"",""대흉근"",""전거근""]",,https://youtu.be/nYhCSCaeEHE,,3,"[""가슴""]",상체,12,24,48,2,"[1,2]",,1,1,0,
146,월 스쿼트,"벽을 이용해 하체 근육, 특히 허벅지와 엉덩이 근육을 강화하는 정적 맨몸 운동입니다. 이 운동은 등을 벽에 기대고 서서, 마치 의자에 앉는 자세를 취한 후, 다리가 90도 각도를 이룰 때까지 몸을 낮추고 그 자세를 유지합니다. 월 스쿼트는 허벅지 전면의 대퇴사두근과 엉덩이의 대둔근에 집중적인 자극을 제공하며, 하체 근력과 지구력을 향상시킵니다. 또한, 하체의 균형과 안정성을 개선하고, 일상 활동 및 다양한 운동에서의 성능을 향상시키는 데 도움이 됩니다.",힘듬,30,0,"[""대퇴사두근"",""대둔근"",""대퇴이두근""]",,https://youtu.be/BqzQfDqdtfA,,5,"[""허벅지""]",하체,0,0,0,,"[3,4]",3,2,1,0,
147,BENCH DIPS (벤치 딥스),"상체 근육을 강화하는 운동으로, 주로 삼두와 어깨 근육을 다루며 간단하게 수행할 수 있는 운동 중 하나입니다. 이 운동은 상체 근육의 균형을 조절하고 팔과 어깨 근육을 강화하는 데 도움이 됩니다.",보통,30,14,"[""삼두근"",""전방 삼각근"",""대흉근""]",,https://youtu.be/PG7hLchfGck,,4,"[""팔""]",상체,14,28,56,4,"[1,2]",,1,1,0,
166,버드독 자세,"허리 통증 완화, 어깨 재활 그리고 척추 및 골반의 정렬까지 되는 운동",쉬움,30,10,"[""복직근"",""대둔근""]",,https://youtu.be/kibke2M1_yg,,5,"[""코어""]",상체,10,24,35,,"[3,4]",0,1,2,0,
167,스완 자세,"허리 코어 근육을 강화 시키고 상체와 하체를 길게 스트레칭 시켜주어 자세 교정, 체형교정에 좋은 운동",,30,0,"[""척추 기립근""]",,https://youtu.be/8egYmhwETSc,,3,,상체,0,0,0,,,,3,0,0,
168,플랭크 푸쉬업,플랭크 동작으로 전신의 균형을 잡은 상태에서 엉덩이를 들어올려 엉덩이 근육에도 자극을 주는 운동,보통,30,9,"[""전방 삼각근"",""내측 삼각근"",""후방 삼각근""]",,https://youtu.be/PZqUcHaifL0,,3,"[""어깨""]",상체,9,22,34,2,"[1,2]",,1,2,0,
169,트위스트 마운틴 클라이머,"일반 클라이머 동작에서 변형된 동작으로, 다리를 반대편 상체쪽으로 끌어올리면서 옆구리에 자극을 좀 더 가할 수 있는 외복사근 운동",힘듬,30,20,"[""복직근"",""외복사근"",""삼각근"",""상완삼두근"",""완요골근""]",,https://youtu.be/MAzuJ6aUfDA,,7,"[""코어""]",상체,20,40,58,,"[3,4]",0,1,1,0,
170,푸쉬업,"손 너비가 좁아질수록 가슴 안쪽, 넓어질수록 가슴 바깥쪽에 자극을 줄수 있음",보통,30,8,"[""대흉근""]",,https://youtu.be/MqarTc-TiGM,,6.3,"[""가슴""]",상체,8,21,32,0,"[1,2]",,1,1,0,
171,하이니즈,무릎을 최대한 높이 들어올리는 운동.단시간 효과적으로 칼로리를 소모할 수 있음,쉬움,30,30,"[""복직근"",""대퇴사두근"",""비복근""]",,https://youtu.be/OmmIEhmV2iU,,5,"[""코어""]",상체,30,60,80,,"[3,4]",0,1,1,0,
172,힌두 푸쉬업,"어깨와 삼두근에 강한 자극을 주고, 복근 및 가슴, 아렛가슴에 자극을 줄 수 있는 운동",힘듬,30,5,"[""대흉근"",""상완삼두근"",""광배근""]",,https://youtu.be/jZKYssdrjlk,,8,"[""가슴""]",상체,5,14,22,,,,3,1,0,
173,더블 크런치,"전반적인 복부 근력을 강화하고, 상부와 하부 복근에 집중적인 자극을 제공하는 복근 운동입니다. 이 운동은 복부 근육의 조화로운 발달과 탄력성 향상에 효과적입니다.",보통,30,15,"[""복직근"",""복횡근""]",,https://www.youtube.com/watch?v=CTACbUBPRDI,,6,"[""코어""]",상체,15,30,60,,,,3,1,0,
174,동키 킥(L),"엉덩이 근육, 특히 중둔근을 집중적으로 강화하는 운동입니다. 이 운동은 엉덩이 근육의 탄력을 향상시키고, 하체의 균형과 힘을 증진하는 데 도움이 됩니다.",쉬움,30,15,"[""대퇴이두근"",""대둔근""]",,https://www.youtube.com/watch?v=CTACbUBPRDI,,5,"[""힙""]",하체,15,30,60,,,,3,1,1,
175,러시안 트위스트,"복부의 측면 근육, 즉 복사근을 강화하는 운동입니다. 이 운동은 복부의 회전 운동을 통해 코어 근육의 안정성과 유연성을 향상시키며, 전반적인 복부 근력을 강화하는 데 도움이 됩니다.",보통,30,16,"[""복직근"",""복횡근""]",,https://www.youtube.com/watch?v=CTACbUBPRDI,,6.3,"[""코어""]",상체,16,32,64,,,,3,1,0,
176,롱 암 크런치,"상부 복근에 중점을 두는 운동으로, 표준 크런치의 변형입니다. 이 운동은 팔을 머리 위로 뻗어 수행함으로써 복근에 추가적인 부하를 가하고, 이를 통해 복부 근력을 강화하고 복근의 정의를 개선하는 데 효과적입니다.",힘듬,30,14,"[""복직근"",""복횡근""]",,https://www.youtube.com/watch?v=CTACbUBPRDI,,7.5,"[""코어""]",상체,14,28,56,,,,3,1,0,
177,리버스 플랭크,"코어, 하체, 그리고 팔 근육을 동시에 강화하는 운동입니다. 이 자세는 특히 복부 근육, 엉덩이, 햄스트링, 그리고 어깨와 팔뚝의 근력을 증진시키며, 전반적인 균형과 자세를 개선하는 데 도움이 됩니다. 리버스 플랭크는 또한 척추의 안정성을 향상시키는 효과가 있습니다.",힘듬,30,0,"[""복직근"",""대퇴사두근"",""삼각근"",""전완근"",""대흉근""]",,https://www.youtube.com/watch?v=CTACbUBPRDI,,8,"[""전신""]",둘다,0,0,0,,,,3,1,0,
178,플랭크 레이즈,"표준 플랭크 운동에 한쪽 팔 또는 다리를 들어올리는 동작을 추가한 변형 운동입니다. 이 운동은 코어 근육을 강화하는 동시에 균형 감각과 안정성을 향상시킵니다. 플랭크 레이즈는 한쪽 팔이나 다리를 들어올림으로써 추가적인 도전을 제공하며, 이를 통해 복부, 등, 엉덩이, 그리고 다리 근육에 더 강한 자극을 줍니다. 이 운동은 전반적인 코어 근력을 강화하고, 몸의 균형과 조정 능력을 개선하는 데에 효과적입니다.",힘듬,30,12,"[""대흉근"",""삼두근"",""복직근"",""전거근"",""광배근""]",,https://www.youtube.com/watch?v=CTACbUBPRDI,,7,"[""코어""]",상체,12,24,48,3,"[1,2]",,1,1,0,
179,프로기 글루트 리프트,"엉덩이 근육을 집중적으로 강화하는 운동입니다. 이 운동은 배를 대고 누운 자세에서 무릎을 구부리고, 발바닥을 서로 맞대고, 엉덩이 근육을 사용하여 다리를 위로 들어올리는 동작을 수행합니다. 프로기 글루트 리프트는 특히 엉덩이의 중둔근과 소둔근을 타겟으로 하여, 엉덩이 근육의 탄력을 증진시키고 하체의 균형과 안정성을 향상시키는 데 효과적인 운동입니다.",보통,30,14,"[""대둔근"",""대퇴사두근""]",,https://www.youtube.com/watch?v=CTACbUBPRDI,,6,"[""힙""]",하체,14,28,56,,,,3,1,0,
180,플랭크 잭,"기본 플랭크 자세에서 점핑잭과 유사한 다리 움직임을 추가한 운동입니다. 이 운동은 코어 근육을 강화하면서 심박수를 높이고, 전신의 순환을 개선합니다. 플랭크 잭은 복부 근력과 체력을 동시에 증진시키며, 코어 안정성과 하체의 민첩성을 향상시키는 데 효과적인 운동입니다.",보통,30,20,"[""복직근"",""고관절굴근"",""대둔근"",""삼각근"",""상완삼두근""]",,https://www.youtube.com/watch?v=CTACbUBPRDI,,6,"[""코어""]",상체,20,40,80,,,,3,1,0,
181,인클라인 맨몸 푸쉬업,"기본 푸쉬업의 변형으로, 상체가 하체보다 높은 위치에 있을 때 수행하는 운동입니다. 이 운동은 특히 가슴의 상부 근육과 어깨, 그리고 삼두근에 강한 자극을 제공합니다. 인클라인 맨몸 푸쉬업은 가슴 근육의 탄력을 증진시키고, 상체 근력을 강화하며, 전반적인 근육의 균형과 조정 능력을 향상시키는 데 효과적인 운동입니다.",쉬움,30,20,"[""대흉근"",""상완 삼두근"",""전방 삼각근""]",,https://youtu.be/KaQMXL4gE6A,,3,"[""가슴""]",상체,20,40,80,0,"[1,2]",,1,1,0,
182,나우 렛 풀인,"맨몸으로 집에서도 할 수 있는 등 근육 강화 운동입니다. 이 운동은 문틀에 수건을 걸고, 수건을 잡은 채로 몸을 뒤로 기울여 렛풀다운 동작을 모방합니다. 수건 렛풀인은 상부 등 근육, 특히 광배근과 삼두근에 집중적인 자극을 제공하며, 등 근육의 강화와 어깨의 안정성 향상에 도움이 됩니다. 이 운동은 풀업 바가 없는 상황에서도 효과적인 등 근육 운동을 할 수 있는 좋은 방법입니다.",힘듬,30,8,"[""광배근'"",""이두근"",""후방 삼각근""]",,https://youtu.be/SDC49DX_VXA,,6,"[""등""]",상체,8,16,32,,,,3,1,0,
183,맨몸 숄더 프레스,"어깨와 상체 근육, 특히 어깨의 상부 근육을 강화하는 맨몸 운동입니다. 사용자는 이 운동을 통해 팔을 위로 들어 올리면서 어깨 근육에 집중적인 자극을 제공합니다. 이 운동은 어깨 근육의 힘과 안정성을 향상시키며, 추가 장비 없이도 상체의 전반적인 근력을 강화하는 데 도움을 줍니다. 맨몸 숄더 프레스는 상체의 균형과 자세를 개선하고, 다양한 일상 활동과 스포츠에서 어깨의 기능을 향상시키는 데 효과적입니다.",쉬움,30,14,"[""삼각근""]",,https://www.youtube.com/watch?v=CTACbUBPRDI,,3,"[""어깨""]",상체,14,28,56,0,"[1,2]",,1,1,0,
184,크로스 바디 크런치(L),"복근과 복사근을 동시에 강화하는 운동입니다. 이 운동은 누운 자세에서 한쪽 무릎을 반대편 팔꿈치로 닿게 하며 수행되어, 복부의 회전과 측면 근육에 집중적인 자극을 제공합니다. 크로스 바디 크런치는 복부 근육의 균형 있는 발달을 촉진하고, 코어의 안정성을 향상시키는 데 효과적인 운동입니다.",보통,30,14,"[""복직근"",""외복사근""]",,https://www.youtube.com/watch?v=CTACbUBPRDI,,6,"[""코어""]",상체,14,28,56,,,,3,1,1,
185,수건 크런치,"표준 크런치에 수건을 활용하여 복근 운동의 강도를 높이는 변형입니다. 이 운동은 수건을 발 밑에 두고 크런치 동작을 수행하면서, 복부 근육에 추가적인 저항을 제공합니다. 수건 크런치는 특히 복부 근력을 강화하고, 복근의 정의를 개선하는 데 효과적인 운동입니다. 이 운동은 복부의 상부, 중간, 하부 근육을 균등하게 자극하여, 전체 복근의 발달에 도움을 줍니다.",쉬움,30,12,"[""삼두박근"",""복직근""]",,https://www.youtube.com/watch?v=CTACbUBPRDI,,5,"[""코어""]",상체,12,24,48,,,,3,1,0,
186,하이니즈 (층간 소음 없는 버전),무릎을 최대한 높이 들어올리는 운동.단시간 효과적으로 칼로리를 소모할 수 있음,쉬움,30,30,"[""복직근"",""대퇴사두근"",""비복근""]",,https://youtu.be/oJwD2oDFbvE,,5,"[""코어""]",상체,30,60,80,,"[3,4]",0,1,1,0,
187,플러터 킥,"복근과 하체 근육을 강화하는 운동입니다. 이 운동은 누운 자세에서 다리를 번갈아 위아래로 움직이며 수행되며, 복부의 하부 근육과 햄스트링, 그리고 엉덩이 근육에 자극을 제공합니다. 플러터 킥은 복근의 탄력을 증진시키고, 다리 근육의 강도를 향상시키며, 코어 안정성을 개선하는 데 효과적인 운동입니다.",힘듬,30,20,"[""복직근"",""대퇴사두근"",""비복근""]",,https://www.youtube.com/watch?v=CTACbUBPRDI,,7,"[""코어""]",상체,20,40,80,,,,3,1,0,
188,리버스 크런치,"하부 복근에 집중하는 운동으로, 전통적인 크런치의 반대 움직임을 사용합니다. 이 운동은 하부 복근을 강화하고, 복부 근육의 조화로운 발달에 도움을 줍니다. 리버스 크런치는 복부의 탄력성을 증진시키는 데에도 효과적입니다.",힘듬,30,12,"[""복직근"",""복횡근""]",,https://www.youtube.com/watch?v=CTACbUBPRDI,,7.5,"[""코어""]",상체,12,24,48,,,,3,1,0,
189,Bicep Curl,"Bicep curls are a simple and effective exercise for strengthening your upper arms, primarily focusing on the biceps. You curl weights up towards your shoulders, which helps build muscle and improve arm tone. This exercise is popular in gyms and home workouts.",Normal,30,12,"[""Bicpes""]",,https://youtu.be/M10mqDXSbME,,4,"[""Arm""]",Upper,12,24,48,0,"[1,2]",,1,1,0,ces 시연운동
190,Triceps Extension,"Triceps Extensions are a key exercise for toning and strengthening the triceps muscles at the back of your upper arms. This exercise involves extending your arms to lift a weight above your head or behind your neck, effectively targeting the triceps. It's a popular move for building arm strength and definition, suitable for gym or home workouts.",Normal,30,12,"[""Triceps""]",,https://www.youtube.com/watch?v=WfZgpjJvMi0,,4,"[""Arm""]",Upper,12,24,48,0,"[1,2]",,1,1,0,ces 시연운동
191,Shoulder Press,"The Shoulder Press is an effective exercise for strengthening and defining the shoulder muscles. It involves lifting weights overhead from shoulder height, engaging not just the shoulders, but also the triceps and upper back. This versatile exercise can be performed with dumbbells, a barbell, or machines, and is a staple in both gym and home workout routines for building upper body strength.",Normal,30,12,"[""Deltoids""]",,https://youtu.be/q6o1T2HO8V4,,4,"[""Shoulder""]",Upper,12,24,48,0,"[1,2]",,1,1,0,ces 시연운동
192,스쿼트 사이드 잽,테스트,보통,30,10,"[""대퇴사두근"",""대흉근"",""삼두근""]",,https://youtu.be/7YLCPyUXwX8,,4,"[""허벅지""]",하체,10,30,40,,"[3,4]",1,1,1,0,
193,니 허그 크런치,누워서 한 쪽 무릎을 가슴 쪽으로 최대한 당기면서 상체를 살짝 앞으로 숙여 줍니다. 이 동작을 교대로 반복하면서 하체의 유연성과 코어를 향상 시킵니다.,보통,30,12,"[""외복사근"",""내복사근""]",,https://youtu.be/414dFUG6x-8,,4,"[""코어""]",상체,12,24,48,,"[3,4]",0,1,1,0,
194,풀다운 니업(L),테스트,보통,30,18,"[""복직근"",""복횡근""]",,https://youtu.be/_8lsmLMySek,,4,"[""코어""]",둘다,18,36,60,,[3],0,1,1,1,
195,사이드 터치 스쿼트,사이드 스텝으로 옆으로 이동하면서 매 스텝마다 스쿼트 자세를 취하고 두 손가락으로 바닥을 살짝 터치합니다. 하체의 근력과 유연성을 동시에 향상시킬 수 있습니다.,보통,30,20,"[""대둔근"",""대퇴사두근""]",,https://youtu.be/2FILaoNy1lY,,4.5,"[""힙""]",하체,20,40,60,,"[3,4]",0,1,1,0,
196,스모 턴 스쿼트,"스모 스쿼트 자세에서 시작하여, 스쿼트를 하면서 180도 회전하고 다시 스쿼트를 합니다. 이 동작을 반복하면서 하체와 코어의 안정성을 강화합니다.",보통,30,20,"[""대둔근"",""내전근"",""대퇴사두근""]",,https://youtu.be/Ok3GFwQUIWI,,4.7,"[""힙""]",하체,20,40,60,,"[3,4]",2,1,1,0,
197,발 들고 스쿼트,테스트,보통,30,18,"[""대퇴사두근"",""비복근"",""대퇴이두근""]",,https://youtu.be/YpPqAf8Nt_I,,5,"[""허벅지""]",하체,18,36,50,,"[3,4]",0,1,1,0,
198,트라이셉스 킥백,테스트,쉬움,30,25,"[""삼두근""]",,https://youtu.be/y7wW78F8R0o,,3,"[""팔""]",상체,25,50,70,0,"[1,2]",,1,1,0,
199,프런트 스텝 바이셉 컬,테스트,쉬움,30,25,"[""이두근"",""대퇴사두근"",""비복근""]",,https://youtu.be/SehQcgPtOxw,,3.5,"[""팔&하체""]",둘다,25,50,70,0,"[1,2]",,1,1,0,
200,프레스 점핑잭,테스트,쉬움,30,25,"[""고관절굴근"",""삼각근""]",,https://youtu.be/ghn7UT6iybo,,2.5,"[""전신""]",둘다,25,50,70,0,"[1,2]",,1,1,0,
201,무릎 푸쉬업 후 한팔 들기,테스트,쉬움,30,18,"[""대흉근"",""광배근"",""복직근"",""상완삼두근""]",,https://youtu.be/XtPHjLbcWMQ,,4.6,"[""상체""]",상체,18,36,50,1,"[1,2]",,1,2,0,
202,몸통 비틀며 무릎 들기,테스트,쉬움,30,25,"[""복직근"",""외복사근"",""대퇴사두근""]",,https://youtu.be/YlMX1IdZuGc,,3,"[""허벅지&코어""]",둘다,25,50,70,,"[3,4]",0,1,1,0,
203,사이드 크런치 스쿼트,테스트,보통,30,10,"[""대퇴사두근"",""외복사근"",""복직근""]",,https://youtu.be/maS6B-HTo9Y,,4.5,"[""허벅지&코어""]",둘다,10,20,30,,"[3,4]",1,1,3,0,
204,니업 스쿼트,테스트,보통,30,10,"[""대퇴사두근"",""외복사근"",""복직근""]",,https://youtu.be/Wxe7DSyKzBI,,4,"[""허벅지&코어""]",둘다,10,20,30,,"[3,4]",1,1,3,0,
205,"무릎,팔 들어올리기",테스트,쉬움,30,18,"[""복직근"",""대퇴사두근""]",,https://youtu.be/z9YjoihN-HQ,,4,"[""코어""]",상체,20,40,70,,"[3,4]",0,1,1,0,
206,몸통 비틀며 걷기,테스트,쉬움,30,20,"[""외복사근"",""복직근"",""대퇴사두근""]",,https://youtu.be/BC2IT_IWLZE,,3.8,"[""코어""]",둘다,20,40,70,,"[3,4]",0,1,1,0,
207,버트 킥 로우,테스트,쉬움,30,30,"[""대둔근"",""대퇴이두근"",""대퇴사두근""]",,https://www.youtube.com/watch?v=CTACbUBPRDI,,3.5,"[""힙&허벅지""]",하체,30,60,90,,"[3,4]",0,1,1,0,
208,숄더 터치,테스트,쉬움,30,25,"[""대퇴사두근"",""이두박근""]",,https://youtu.be/pYM7e4XBKVo,,3.2,"[""허벅지&팔""]",둘다,25,50,85,1,"[1,2]",,1,1,0,
209,"무릎, 다리 들어올리기",테스트,쉬움,30,25,"[""복직근"",""대퇴이두근"",""대퇴사두근""]",,https://youtu.be/eQejIl7-HAU,,3.5,"[""허벅지&코어""]",둘다,25,50,85,,"[3,4]",0,1,1,0,
210,팔 뻗고 버트 킥,테스트,쉬움,30,25,"[""대퇴이두근"",""대둔근"",""전방 삼각근""]",,https://youtu.be/nCcXes78LcA,,3.8,"[""힙&허벅지&팔""]",둘다,25,50,85,,"[3,4]",0,1,1,0,
211,무릎 끓고 플랭크,테스트,쉬움,30,15,"[""복직근"",""외복사근"",""상완 삼두근""]",,https://youtu.be/QdFATTXYcaE,,4,"[""코어""]",상체,15,25,40,0,"[1,2]",,1,1,0,
212,굿모닝 스쿼트,테스트,보통,30,20,"[""대퇴사두근"",""대퇴이두근"",""대둔근""]",,https://youtu.be/JflBHYwtFNk,,4,"[""허벅지""]",하체,20,35,60,,"[3,4]",0,1,1,0,
213,딥 런지(L),테스트,쉬움,30,25,"[""대퇴사두근"",""비복근"",""대퇴이두근""]",,https://youtu.be/zGkFm6tl6dY,,3.9,"[""허벅지""]",하체,25,50,70,,[3],4,1,1,1,
214,내로우 스쿼트,테스트,보통,30,25,"[""대퇴사두근"",""대퇴이두근"",""전경골근""]",,https://youtu.be/j3ksFum2Rag,,4.2,"[""허벅지""]",하체,25,50,70,,"[3,4]",3,1,1,0,
215,유 스쿼트,테스트,보통,30,20,"[""대퇴사두근"",""내전근"",""비복근""]",,https://youtu.be/RA-K4M4_rc4,,4,"[""허벅지""]",하체,20,45,65,,"[3,4]",3,1,1,0,
216,팔다리 진자 운동,테스트,쉬움,30,30,"[""상완 삼두근"",""대퇴이두근"",""내전근""]",,https://youtu.be/APymTy4aDkE,,3.4,"[""허벅지&팔""]",둘다,30,55,70,3,"[1,2]",,1,1,0,
217,서서 다리 올리기,테스트,보통,30,30,"[""복직근"",""외복사근"",""내복사근""]",,https://youtu.be/hQRZcSVTy-A,,4,"[""코어""]",상체,30,55,70,,"[3,4]",0,1,1,0,
218,백킥 오버헤드 프레스,테스트,쉬움,30,28,"[""대퇴이두근"",""삼각근"",""상완 삼두근""]",,https://youtu.be/C7bziKo2Xlc,,4,"[""허벅지&팔""]",둘다,28,48,65,,"[3,4]",2,1,1,0,
219,다리 올리며 펀치,테스트,쉬움,30,30,"[""대흉근"",""전방 삼각근"",""대퇴이두근""]",,https://youtu.be/4yFxBBXWyVQ,,3.8,"[""팔&허벅지""]",둘다,30,55,70,2,"[1,2,3,4]",2,1,1,0,
220,버트 킥,테스트,쉬움,30,30,"[""대둔근"",""대퇴이두근""]",,https://www.youtube.com/watch?v=iNDDyli9FLc,,4,"[""힙&허벅지""]",하체,30,50,75,,"[3,4]",2,1,1,0,
221,전신 크런치,테스트,보통,30,28,"[""복직근"",""내복사근"",""외복사근""]",,https://www.youtube.com/watch?v=CTACbUBPRDI,,4.8,"[""코어""]",상체,28,48,62,,"[3,4]",3,1,1,0,
222,다운 도그 크런치(L),테스트,힘듬,30,25,"[""복직근"",""내복사근"",""외복사근""]",,https://youtu.be/iXrAESHnVoA,,6,"[""코어""]",상체,25,45,60,,[3],2,1,1,1,
223,스쿼트 점핑잭,테스트,보통,30,25,"[""대퇴사두근"",""둔근"",""비복근""]",,https://youtu.be/SEr6yV1JumE,,7,"[""힙&허벅지""]",둘다,25,45,60,,"[3,4]",2,1,1,0,
224,사이드 셔플 탭,테스트,보통,30,20,"[""소둔근"",""대둔근"",""대퇴사두근"",""외측광근""]",,https://youtu.be/53bsEKf5wHY,,6,"[""힙&허벅지""]",하체,20,40,60,,"[3,4]",3,1,1,0,
225,해머 슬램,테스트,보통,30,20,"[""대퇴사두근"",""대둔근""]",,https://youtu.be/9ILtGecJh3s,,5,"[""힙&허벅지""]",하체,20,40,60,,"[3,4]",0,1,1,0,
226,스쿼트 스텝 백,테스트,힘듬,30,20,"[""대둔근"",""대퇴사두근"",""대퇴이두근""]",,https://youtu.be/UAnWK2I4dz4,,5,"[""힙&허벅지""]",하체,20,40,60,,"[3,4]",1,1,2,0,
227,스프린터 점프,테스트,힘듬,30,26,"[""대퇴사두근"",""대퇴이두근"",""대둔근""]",,https://www.youtube.com/watch?v=_me95mL07cI,,6,"[""힙&허벅지""]",하체,26,42,52,,"[3,4]",1,1,1,0,
228,사이드 런지 점프,테스트,힘듬,30,25,"[""중둔근"",""대퇴사두근"",""대퇴이두근""]",,https://youtu.be/6ozAIo2yR2Q,,7.5,"[""힙&허벅지""]",하체,25,45,65,,"[1,2]",4,1,1,0,
229,플랭크 베어 니 터치,테스트,보통,30,14,"[""복직근"",""외복사근"",""삼각근""]",,https://youtu.be/tDQllKXDYM8,,8,"[""코어""]",상체,14,28,56,,"[3,4]",4,1,1,0,
230,엎드려 상체 들기,테스트,보통,30,25,"[""광배근"",""척추기립근""]",,https://youtu.be/JxNuqyJvNUc,,7,"[""등""]",상체,25,50,65,3,"[1,2]",,1,1,0,
231,사이드 플랭크 크런치(L),테스트,보통,30,25,"[""복직근"",""외복사근""]",,https://youtu.be/_UE7wvnyfXo,,8,"[""코어""]",상체,25,50,65,,[3],2,1,1,1,
232,바이시클 크런치 2,테스트,보통,30,30,"[""복직근"",""외복사근"",""내복사근""]",,https://youtu.be/EbwmFopkzDU,,7.5,"[""코어""]",상체,30,50,70,,"[3,4]",5,1,1,0,
233,팝업 스쿼트,테스트,보통,30,28,"[""대퇴사두근"",""대둔근"",""대퇴이두근"",""비복근""]",,https://youtu.be/nhwp_WwpuLU,,6.7,"[""허벅지""]",하체,28,50,70,,"[3,4]",1,1,1,0,
234,스탭 백 니 쓰러스트(L),테스트,힘듬,30,20,"[""대퇴사두근"",""대퇴이두근""]",,https://youtu.be/uwpRgJZ7VSA,,6,"[""허벅지""]",하체,20,40,60,,[3],1,1,1,1,
235,숄더 탭 푸쉬업,테스트,힘듬,30,10,"[""대흉근"",""삼각근"",""복직근""]",,https://youtu.be/fudniXnIZ3c,,6.5,"[""가슴""]",상체,10,20,30,2,"[1,2]",,1,3,0,
236,푸쉬업 푸쉬백,테스트,힘듬,30,10,"[""대흉근"",""외복사근"",""삼각근""]",,https://youtu.be/wf5vkdwRWac,,7.8,"[""가슴&코어""]",상체,10,20,30,1,"[1,2]",,1,1,0,
237,오블리크 크런치 스쿼트,테스트,보통,30,10,"[""대퇴사두근"",""대둔근"",""복직근""]",,https://youtu.be/GZHI1PqmaSk,,6,"[""허벅지&코어""]",둘다,10,20,30,,"[3,4]",1,1,3,0,
238,바이셉 컬,맨몸 바이셉컬은 체육관이나 운동 기구 없이도 언제 어디서나 할 수 있는 효과적인 팔 근육 강화 운동입니다. 이 운동은 특별한 도구 없이도 팔뚝의 이두근을 타겟으로 하여 근육을 강화하고 팔의 라인을 예쁘게 만드는 데 도움을 줍니다.,보통,30,12,"[""이두근""]",,https://youtu.be/dlfqEcTOwiM,,4,"[""팔""]",상체,12,24,48,2,"[1,2]",,1,1,0,스포엑스 시연 운동
239,트라이셉스 익스텐션,"몸 트라이셉스 익스텐션은 특별한 장비 없이도 삼두근을 강화할 수 있는 운동입니다. 이 운동은 팔 뒤쪽에 위치한 삼두근에 초점을 맞춰, 근력을 향상시키고 팔의 탄력을 개선하는 데 도움을 줍니다.",보통,30,12,"[""삼두근""]",,https://youtu.be/8YgWPOVWHlM,,4,"[""팔""]",상체,12,24,48,2,"[1,2]",,1,1,0,스포엑스 시연 운동
240,숄더 프레스,"맨몸 숄더프레스는 어떠한 장비도 필요로 하지 않으면서도 어깨 근육을 강화하고 발달시키는 데 도움이 되는 효과적인 운동입니다. 이 운동은 어깨, 상부 등, 그리고 팔의 힘을 증가시키는 데 기여합니다. 특히 어깨 주변의 안정성과 근력을 높이는 데 유용하며, 전반적인 상체의 균형과 힘을 개선할 수 있습니다.",보통,30,12,"[""삼각근""]",,https://youtu.be/1bKSAQqCvqk,,4,"[""어깨""]",상체,12,24,48,3,"[1,2]",,1,1,0,스포엑스 시연 운동
241,불가리안 스플릿 스쿼트(R),한다리를 올린 상태에서 런지 동작을 수행하는 운동. 한 다리에 집중하기 때문에 안정성과 균형감각 및 밸런스 향상에 유리함,힘듬,30,14,"[""대퇴사두근"",""대퇴이두근"",""대둔근""]",,https://youtu.be/GgEwr18jCvk,,7,"[""전신""]",둘다,14,32,48,,[4],0,1,1,1,
242,스플릿 스쿼트(R),"하체 근육을 강화하고 균형을 향상시키는 데 도움을 주며, 스포츠나 다양한 유형의 운동에 유용함",힘듬,30,18,"[""대퇴사두근"",""대둔근""]",,https://youtu.be/8ZSuRXLv3VM,,7.5,"[""허벅지""]",하체,18,40,56,,[4],1,1,1,1,
243,고관절 스트레칭(R),"고관절의 유연성을 증진시키고, 주변 근육의 긴장을 완화하는 운동입니다. 이 운동은 하체 순환과 균형을 개선하고, 일상 활동과 운동 성능을 향상시키는 데 도움이 됩니다.",,30,0,"[""고관절굴근"",""대둔근"",""중둔근""]",,https://youtu.be/QbTkjNIgEEs,,3,,하체,0,0,0,,,,3,1,1,
244,사이드 레그 레이즈(R),"허벅지의 외측과 엉덩이 근육을 강화하는 운동입니다. 이 운동은 옆으로 누워 한쪽 다리를 올리고 내리며 수행되어, 특히 허벅지의 외측 근육과 엉덩이의 중둔근을 타겟으로 합니다. 사이드 레그 레이즈는 하체의 균형과 근력을 개선하는 데 효과적이며, 하체의 라인을 가꾸는 데에도 도움이 됩니다.",,30,14,"[""대퇴사두근"",""대둔근""]",,https://www.youtube.com/watch?v=CTACbUBPRDI,,5.5,"[""힙""]",하체,14,28,56,,,,3,1,1,
245,사이드 플랭크(R),"코어 근육, 특히 복부의 측면 근육과 어깨 근육을 강화하는 운동입니다. 이 자세는 몸을 옆으로 기울여 한쪽 팔로 몸을 지탱하면서 수행되며, 코어 근육의 안정성과 균형을 향상시키는 데 도움이 됩니다. 사이드 플랭크는 복사근을 포함한 복부 측면 근육과 어깨 근육을 강화하며, 전반적인 자세 개선에도 기여합니다.",힘듬,30,0,"[""복사근"",""복직근""]",,https://youtu.be/GiGGCFe5zOY,,7,"[""코어""]",상체,0,0,0,3,[2],,2,1,1,
246,서서 다리 대각선으로 들기(R),"엉덩이 근육을 강화하는 데에 초점을 맞춘 운동입니다. 이 운동은 서 있는 자세에서 한쪽 다리를 대각선 방향으로 들어 올리며 수행되어, 엉덩이 근육, 특히 중둔근과 소둔근에 강한 자극을 줍니다. 이 운동은 엉덩이 근육의 탄력과 근력을 증진시키고, 하체의 균형과 안정성을 향상시키는 데 효과적입니다.",쉬움,30,16,"[""대퇴사두근"",""대퇴이두근"",""비복근""]",,https://youtu.be/1L_GdZ_gplo,,5,"[""허벅지""]",하체,16,32,64,,,,3,1,1,
247,서서 다리 뒤로 들기(R),"엉덩이 근육과 햄스트링을 강화하는 운동입니다. 이 운동은 서 있는 자세에서 한쪽 다리를 뒤로 들어 올리며 수행되며, 엉덩이 근육에 집중적인 자극을 제공합니다. 또한, 이 운동은 하체의 균형과 안정성을 향상시키고, 하체 근육의 탄력성을 증진시키는 데에도 도움이 됩니다.",쉬움,30,16,"[""대둔근"",""척추기립근""]",,https://youtu.be/jEcZhfIhWTA,,5,"[""힙""]",하체,16,32,64,,,,3,1,1,
248,서서 다리 옆으로 들기(R),"엉덩이의 외측 근육과 허벅지의 측면 근육을 강화하는 운동입니다. 이 운동은 서 있는 자세에서 한쪽 다리를 옆으로 들어 올리며 수행되며, 특히 엉덩이의 중둔근과 허벅지의 외측 근육에 집중적인 자극을 제공합니다. 서서 다리 옆으로 들기는 하체 근력과 균형을 향상시키며, 하체의 근육 발달과 탄력을 증진시키는 데 효과적인 운동입니다.",쉬움,30,16,"[""중둔근"",""대퇴근막장근"",""대둔근"",""내전근""]",,https://youtu.be/rpa_PAFI6Bo,,5,"[""힙""]",하체,16,32,64,,,,3,1,1,
249,서서 안쪽 스트레칭(R),"허벅지의 내측 근육, 즉 내전근을 스트레칭하고 유연성을 증진시키는 운동입니다. 이 스트레칭은 서 있는 자세에서 한쪽 다리를 옆으로 뻗어 내전근을 이완시키며 수행됩니다. 이 운동은 허벅지 안쪽 근육의 긴장을 완화하고, 유연성을 향상시키며, 하체의 균형과 전반적인 움직임의 범위를 개선하는 데 도움이 됩니다.",,30,0,"[""대퇴이두근"",""고관절굴근""]",,https://www.youtube.com/watch?v=CTACbUBPRDI,,3,,하체,0,0,0,,,,3,1,1,
250,슈퍼맨(R),"등 근육과 코어 근육을 강화하는 맨몸 운동입니다. 이 운동은 배를 대고 누운 자세에서 팔과 다리를 동시에 들어 올리며 수행됩니다. 슈퍼맨 운동은 특히 하부 등 근육을 강화하고, 척추 주변 근육의 안정성을 향상시키는 데 도움이 됩니다. 이 운동은 또한 전반적인 코어 근력을 강화하고, 자세 개선에도 기여할 수 있습니다.",쉬움,30,14,"[""척추 기립근""]",,https://www.youtube.com/watch?v=CTACbUBPRDI,,5,"[""등""]",상체,14,28,56,,,,3,1,1,
251,스쿼트 펄스(R),"전통적인 스쿼트 운동에 작은 펄스 동작을 추가한 변형으로, 허벅지와 엉덩이 근육을 집중적으로 강화하는 운동입니다. 이 운동은 스쿼트 자세를 유지하면서 하체를 약간 상하로 움직이며 펄스 동작을 수행합니다. 스쿼트 펄스는 특히 허벅지 전면과 엉덩이 근육에 지속적인 자극을 제공하여, 근육의 지구력을 향상시키고 탄력성을 증진시키는 데 효과적입니다.",보통,30,16,"[""대퇴사두근""]",,https://youtu.be/FOpIOjXLUxU,,6.3,"[""허벅지""]",하체,16,32,64,,[4],0,1,1,1,
252,어깨 스트레칭(R),"어깨 근육의 긴장을 완화하고 유연성을 증진시키는 운동입니다. 이 스트레칭은 어깨와 상부 등 근육을 이완시켜 통증과 뻣뻣함을 줄이며, 어깨 주변의 이동 범위를 향상시키는 데 도움이 됩니다. 정기적인 어깨 스트레칭은 자세를 개선하고, 어깨 관련 부상 예방에도 기여할 수 있습니다.",,30,0,"[""전방 삼각근"",""내측 삼각근"",""후방 삼각근""]",,https://youtu.be/3_1b0Gb2LIA,,3,"[""어깨""]",상체,0,0,0,,,,3,1,1,
253,오블리크 크런치(R),"크런치는 복부의 측면 근육, 즉 복사근을 강화하는 운동입니다. 이 운동은 복부의 회전 움직임을 포함하여, 특히 복부 측면의 근력을 증진시키고, 복근의 정의를 개선하는 데 효과적입니다. 오블리크 크런치는 코어 근육의 안정성을 향상시키며, 복부 전체의 근력 균형을 도모하는 데 도움이 됩니다.",보통,30,12,"[""복직근"",""외복사근"",""내복사근""]",,https://www.youtube.com/watch?v=CTACbUBPRDI,,6.3,"[""코어""]",상체,12,24,48,,,,3,1,1,
254,원 레그 플랭크(R),"표준 플랭크 운동에 한쪽 다리를 들어 올리는 동작을 추가하여 코어 근육을 강화하는 변형 운동입니다. 이 운동은 코어 근육뿐만 아니라, 엉덩이와 다리 근육에도 추가적인 자극을 제공합니다. 원 레그 플랭크는 특히 코어의 안정성과 균형을 향상시키며, 복부와 하체 근육의 조화로운 강화에 도움이 됩니다.",보통,30,14,"[""복직근"",""외복사근"",""내복사근"",""대퇴근"",""대흉근"",""삼각근""]",,https://youtu.be/rq-Rz56OfWI,,5,"[""코어""]",상체,14,28,56,3,[2],,2,1,1,
255,쿼드 스트레칭(R),"허벅지 전면의 근육, 즉 대퇴사두근(쿼드리셉스)을 이완시키고 유연성을 증진시키는 운동입니다. 이 스트레칭은 서 있는 자세에서 한쪽 발목을 잡고 엉덩이 쪽으로 당겨 수행되며, 허벅지 전면 근육의 긴장을 완화하고, 근육의 이동 범위를 향상시킵니다. 쿼드 스트레칭은 특히 장시간 앉아 있거나 강도 높은 하체 운동 후에 효과적으로 근육을 이완시키는 데 도움이 됩니다.",,30,0,"[""대퇴사두근"",""비복근""]",,https://youtu.be/Y9lKmebbWP0,,3,,하체,0,0,0,,,,3,1,1,
256,사이드 킥백(R),"엉덩이와 허벅지의 외측 근육을 강화하는 운동입니다. 이 운동은 네 발기기 자세에서 한쪽 다리를 옆으로 들어 올리며 수행되며, 특히 엉덩이의 중둔근과 소둔근에 집중적인 자극을 제공합니다. 파이어 하이드란트는 엉덩이 근육의 탄력을 증진시키고, 하체의 균형과 안정성을 향상시키는 데 효과적인 운동입니다.",보통,30,14,"[""고관절굴근"",""중둔근"",""소둔근""]",,https://www.youtube.com/watch?v=CTACbUBPRDI,,6,"[""힙""]",하체,14,28,56,,,,3,1,1,
257,플랭크 다리 올리기(R),"기본 플랭크 자세에서 한쪽 다리를 번갈아 올리는 동작을 추가하여 코어 근육과 하체 근육을 강화하는 운동입니다. 이 변형은 코어의 안정성을 향상시키는 동시에, 엉덩이와 햄스트링에 추가적인 자극을 제공합니다. 플랭크 다리 올리기는 복부 근력을 증진시키고, 하체 근육의 균형과 조정 능력을 개선하는 데 효과적인 운동입니다.",힘듬,30,16,"[""복직근"",""대퇴사두근"",""대퇴이두근"",""비복근""]",,https://www.youtube.com/watch?v=CTACbUBPRDI,,7,"[""코어""]",상체,16,32,64,,,,3,1,1,
258,허벅지 안쪽 스트레칭(R),"허벅지의 내측 근육, 즉 내전근을 이완시키고 유연성을 증진시키는 운동입니다. 이 스트레칭은 허벅지 안쪽 근육의 긴장을 완화하고, 이동 범위를 향상시키며, 하체의 균형과 전반적인 움직임을 개선하는 데 도움이 됩니다. 허벅지 안쪽 스트레칭은 특히 장시간 앉아 있거나 강도 높은 하체 운동 후에 근육을 효과적으로 이완시키는 데 유용합니다.",,30,0,"[""대퇴사두근"",""대퇴이두근"",""비복근""]",,https://youtu.be/pyNhm_4iJIo,,3,,하체,0,0,0,,,,3,1,1,
259,엎드려서 후면 스트레칭(R),팔을 사용하여 등과 어깨 후면 근육을 스트레칭하는 운동입니다. 이 운동을 통해 근육의 긴장을 완화하고 유연성을 향상시킬 수 있습니다.,쉬움,30,0,"[""승모근"",""후면 삼각근""]",,https://youtu.be/tch8DiLvo14,,3,,상체,0,0,0,,,,3,1,1,
260,발목 돌려주기(R),발목 근육과 관절을 회전시켜 유연성을 높이는 운동입니다. 각 발목을 시계 방향과 반시계 방향으로 회전시켜 유연성을 향상시킬 수 있습니다.,쉬움,30,0,,,https://youtu.be/W78AJsPVX0k,,3,,하체,0,0,0,,,,3,1,1,
261,짧게 다리 펴주기(R),"한쪽 다리를 앞으로 뻗고 상체를 부드럽게 숙여 다리 뒤쪽의 햄스트링 근육을 효과적으로 늘려줍니다. 이 간단한 스트레칭은 다리 근육의 유연성을 증진시키고 긴장을 완화하는 데 도움을 줍니다, 특히 일상적인 활동에서 발생할 수 있는 근육 뻣뻣함과 불편함을 줄이는 데 이상적입니다.",,30,0,"[""대퇴이두근""]",,https://youtu.be/pekVd6wH8DA,,3,,하체,0,0,0,,,,3,1,1,
262,깊게 다리 펴주기(R),"한쪽 다리를 앞으로 뻗고 상체를 부드럽게 숙여 다리 뒤쪽의 햄스트링 근육을 효과적으로 늘려줍니다. 이 간단한 스트레칭은 다리 근육의 유연성을 증진시키고 긴장을 완화하는 데 도움을 줍니다, 특히 일상적인 활동에서 발생할 수 있는 근육 뻣뻣함과 불편함을 줄이는 데 이상적입니다.",,30,0,"[""대퇴이두근""]",,https://youtu.be/on6GPTNhEM0,,3,,하체,0,0,0,,,,3,1,1,
263,몸통 비틀기(R),"허벅지의 내측 근육인 대내전근을 타겟으로 한 효과적인 스트레칭입니다. 사용자는 이 스트레칭을 통해 허벅지 내측의 근육을 부드럽게 늘려, 근육의 유연성을 증진시키고, 긴장을 완화할 수 있습니다. 이 스트레칭은 하체의 움직임 범위를 개선하고, 특히 하체를 많이 사용하는 운동이나 활동에서 발생할 수 있는 부상 위험을 줄이는 데에도 도움이 됩니다/",,30,0,"[""대내전근""]",,https://youtu.be/O3euM0g-OAQ,,3,,하체,0,0,0,,,,3,1,1,
264,앞굽이 자세(R),"발목과 하부 다리의 근육, 특히 종아리 근육에 집중적인 스트레칭을 제공합니다. 사용자는 이 스트레칭을 통해 종아리의 근육을 효과적으로 늘려, 근육의 유연성을 향상시키고 긴장을 완화할 수 있습니다. 이 운동은 하체 순환을 촉진하고, 장시간 서 있거나 걷는 활동 후에 발생할 수 있는 뻣뻣함과 불편함을 감소시키는 데 탁월합니다. 또한, 종아리 근육을 강화하고 발목의 안정성을 개선하는 데도 도움을 줍니다.""",,30,0,"[""비복근""]",,https://youtu.be/g5W6rBHzTiM,,3,,하체,0,0,0,,,,3,1,1,
265,사선 몸통 기울이기(R),"상체의 전면과 측면 근육을 동시에 늘려주는 운동입니다. 사용자는 이 스트레칭을 통해 가슴의 전거근과 옆구리의 외복사근을 부드럽게 스트레칭하며, 이는 상체의 유연성을 향상시키고 근육의 긴장을 해소하는 데 효과적입니다. 이 운동은 특히 상체를 자주 사용하는 일상 활동이나 운동 후 근육이 뻣뻣해졌을 때, 근육의 이완과 움직임 범위 개선에 도움을 줍니다. 또한, 상체의 균형과 자세 개선에도 기여합니다.",,30,0,,,https://www.youtube.com/watch?v=CTACbUBPRDI,,3,,상체,0,0,0,,,,3,1,1,
266,누워서 고관절 스트레칭(R),"고관절 주변 근육과 인대에 집중하는 이완 운동입니다. 사용자는 누운 자세에서 한쪽 다리를 가슴 쪽으로 당기고, 반대쪽 다리는 바닥에 평평하게 유지하면서 고관절과 주변 근육을 부드럽게 스트레칭합니다. 이 스트레칭은 고관절의 유연성을 향상시키고, 하체 근육의 긴장을 완화하는 데 도움을 줍니다. 특히 앉아 있는 생활이 많거나 하체를 많이 사용하는 운동을 하는 사람들에게 권장되며, 하체의 움직임 범위를 넓히고, 하체 및 골반의 균형을 개선하는 데에도 유익합니다.""",,30,0,"[""고관절""]",,https://youtu.be/fTD_irSifKo,,3,,하체,0,0,0,,,,3,1,1,
267,흉추 스트레칭(R),"상체 중앙 부위인 흉추의 유연성을 개선하고 긴장을 완화하는데 중점을 둔 운동입니다. 사용자는 이 스트레칭을 통해 흉추 주변 근육과 인대를 부드럽게 늘려, 상체의 유연성을 향상시키고 등의 긴장을 해소할 수 있습니다. 이 스트레칭은 장시간 앉아 있거나 컴퓨터 작업을 많이 하는 사람들에게 특히 유용하며, 자세 개선과 통증 감소에 도움을 줍니다. 또한, 호흡이나 상체 움직임에 필요한 근육의 움직임 범위를 넓히는 데에도 기여합니다.",,30,0,"[""흉추""]",,https://youtu.be/Od-rqO4WOpE,,3,,상체,0,0,0,,,,3,1,1,
268,힙 스트레칭(R),"엉덩이 근육, 특히 엉덩이의 큰 근육군인 대둔근과 중둔근에 초점을 맞춘 스트레칭입니다. 사용자는 이 스트레칭을 통해 엉덩이 주변의 근육을 부드럽게 늘려, 근육의 유연성을 증진시키고 긴장을 완화할 수 있습니다. 이 운동은 특히 장시간 앉아 있는 생활 방식이나 하체를 많이 사용하는 운동 후에 엉덩이 근육이 뻣뻣해질 때 매우 유용하며, 하체의 움직임 범위를 개선하고 골반 및 척추의 균형을 조정하는 데에도 도움을 줍니다.",,30,0,"[""대둔근""]",,https://youtu.be/kWlo8MgPJlI,,3,,하체,0,0,0,,,,3,1,1,
269,햄스트링 스트레칭(R),"바닥에 앉은 자세에서 한쪽 다리를 뻗고 상체를 천천히 앞으로 숙여, 다리 뒤쪽 햄스트링 근육에 깊은 스트레칭을 제공합니다. 이 운동은 햄스트링의 유연성을 향상시키고, 근육의 긴장과 뻣뻣함을 완화하는데 효과적이며, 하체의 움직임 범위를 개선하고, 일상 생활이나 다른 운동 활동 중 발생할 수 있는 부상을 예방하는 데 도움을 줍니다.",,30,0,"[""대퇴이두근""]",,https://youtu.be/e8HvaxK1QsM,,3,,하체,0,0,0,,,,3,1,1,
270,힙 스트레칭 누워서(R),"바닥에 누운 자세에서 엉덩이 근육을 깊게 스트레칭하는 운동입니다. 이 스트레칭은 특히 대둔근과 중둔근을 타겟으로 하여, 엉덩이와 하체의 긴장을 완화하고 유연성을 증진시킵니다. 사용자는 한쪽 무릎을 가슴 쪽으로 당기고 반대쪽 다리는 바닥에 뻗어, 엉덩이 주변 근육에 집중적인 스트레칭을 제공합니다. 이 스트레칭은 장시간 앉아 있는 생활로 인해 발생할 수 있는 엉덩이의 뻣뻣함과 불편함을 해소하는데 효과적이며, 하체의 움직임 범위와 전반적인 균형을 개선하는 데에도 유익합니다.",,30,0,"[""대둔근""]",,https://youtu.be/poq2_hv5S1A,,3,,하체,0,0,0,,,,3,1,1,
271,동키 킥(R),"엉덩이 근육, 특히 중둔근을 집중적으로 강화하는 운동입니다. 이 운동은 엉덩이 근육의 탄력을 향상시키고, 하체의 균형과 힘을 증진하는 데 도움이 됩니다.",쉬움,30,15,"[""대퇴이두근"",""대둔근""]",,https://www.youtube.com/watch?v=CTACbUBPRDI,,5,"[""힙""]",하체,15,30,60,,,,3,1,1,
272,크로스 바디 크런치(R),"복근과 복사근을 동시에 강화하는 운동입니다. 이 운동은 누운 자세에서 한쪽 무릎을 반대편 팔꿈치로 닿게 하며 수행되어, 복부의 회전과 측면 근육에 집중적인 자극을 제공합니다. 크로스 바디 크런치는 복부 근육의 균형 있는 발달을 촉진하고, 코어의 안정성을 향상시키는 데 효과적인 운동입니다.",보통,30,14,"[""복직근"",""외복사근""]",,https://www.youtube.com/watch?v=CTACbUBPRDI,,6,"[""코어""]",상체,14,28,56,,,,3,1,1,
273,풀다운 니업(R),테스트,보통,30,18,"[""복직근"",""복횡근""]",,https://youtu.be/_8lsmLMySek,,4,"[""코어""]",둘다,18,36,60,,[4],0,1,1,1,
274,딥 런지(R),테스트,쉬움,30,25,"[""대퇴사두근"",""비복근"",""대퇴이두근""]",,https://youtu.be/zGkFm6tl6dY,,3.9,"[""허벅지""]",하체,25,50,70,,[4],4,1,1,1,
275,다운 도그 크런치(R),테스트,힘듬,30,25,"[""복직근"",""내복사근"",""외복사근""]",,https://youtu.be/iXrAESHnVoA,,6,"[""코어""]",상체,25,45,60,,[4],2,1,1,1,
276,사이드 플랭크 크런치(R),테스트,보통,30,25,"[""복직근"",""외복사근""]",,https://youtu.be/_UE7wvnyfXo,,8,"[""코어""]",상체,25,50,65,,[4],2,1,1,1,
277,스탭 백 니 쓰러스트(R),테스트,힘듬,30,20,"[""대퇴사두근"",""대퇴이두근""]",,https://www.youtube.com/watch?v=CTACbUBPRDI,,6,"[""허벅지""]",하체,20,40,60,,[4],1,1,1,1,